id_siniestro,id_poliza,id_asegurado,ramo,cobertura,monto_reclamado,score_riesgo,semaforo,prob_fraude_ml,pred_fraude_ml,nivel_riesgo_ml,etiqueta_fraude_simulada
SIN-0001,POL-0101,ASE-0055,Vehículos,Volcadura,3060.95,31,Verde,0.08532270725739144,0,Bajo,0
SIN-0002,POL-0166,ASE-0102,Hogar,Daño por Agua,5606.6,46,Amarillo,0.211919293329453,0,Bajo,0
SIN-0003,POL-0107,ASE-0131,Vehículos,Robo,35393.67,58,Amarillo,0.47592984472050476,0,Medio,0
SIN-0004,POL-0209,ASE-0142,Vehículos,Volcadura,11202.97,25,Verde,0.06477048364985279,0,Bajo,0
SIN-0005,POL-0001,ASE-0033,Vehículos,Responsabilidad Civil,5522.43,11,Verde,0.10191326259152103,0,Bajo,0
SIN-0006,POL-0240,ASE-0119,Vehículos,Robo,26479.84,100,Rojo,0.9403158782752736,1,Alto,1
SIN-0007,POL-0279,ASE-0229,Vehículos,Robo,24377.01,42,Amarillo,0.2731699952920536,0,Bajo,0
SIN-0008,POL-0285,ASE-0038,Vehículos,Robo,15661.18,25,Verde,0.1284376412171,0,Bajo,0
SIN-0009,POL-0234,ASE-0152,Generales,Responsabilidad Civil,7765.89,91,Rojo,0.6949317136859189,1,Alto,1
SIN-0010,POL-0136,ASE-0016,Vehículos,Choque,5158.77,76,Rojo,0.7988459365373483,1,Alto,1
SIN-0011,POL-0071,ASE-0016,Vehículos,Robo,23122.64,99,Rojo,0.9864569147676111,1,Alto,1
SIN-0012,POL-0295,ASE-0190,Vehículos,Pérdida Total,18411.53,23,Verde,0.055260220862879794,0,Bajo,0
SIN-0013,POL-0211,ASE-0204,Vehículos,Robo,27379.67,47,Amarillo,0.30904645394902963,0,Medio,0
SIN-0014,POL-0255,ASE-0128,Vehículos,Daño Parcial,3974.79,19,Verde,0.05432756507792815,0,Bajo,0
SIN-0015,POL-0289,ASE-0087,Salud,Emergencia,468.83,16,Verde,0.0873967299761428,0,Bajo,0
SIN-0016,POL-0126,ASE-0227,Hogar,Daño por Agua,3876.32,26,Verde,0.08198947389884052,0,Bajo,0
SIN-0017,POL-0239,ASE-0063,Vehículos,Robo,15948.91,26,Verde,0.22057018312299603,0,Bajo,0
SIN-0018,POL-0299,ASE-0139,Vehículos,Responsabilidad Civil,19595.3,85,Rojo,0.9079292007395331,1,Alto,1
SIN-0019,POL-0217,ASE-0220,Vehículos,Responsabilidad Civil,14019.77,97,Rojo,0.9436593721735608,1,Alto,1
SIN-0020,POL-0181,ASE-0029,Hogar,Robo Contenido,4058.97,18,Verde,0.1173928962852346,0,Bajo,0
SIN-0021,POL-0164,ASE-0079,Vehículos,Daño Parcial,3077.57,71,Amarillo,0.43601367294952814,0,Medio,0
SIN-0022,POL-0078,ASE-0127,Hogar,Terremoto,23280.16,56,Amarillo,0.4658621511266637,0,Medio,0
SIN-0023,POL-0166,ASE-0102,Generales,Incendio Comercial,5924.51,15,Verde,0.02888893607720465,0,Bajo,0
SIN-0024,POL-0052,ASE-0003,Vehículos,Robo,34998.25,41,Amarillo,0.708760729888758,1,Alto,1
SIN-0025,POL-0192,ASE-0248,Vehículos,Robo,13136.93,0,Verde,0.07595029273820114,0,Bajo,0
SIN-0026,POL-0264,ASE-0029,Vehículos,Responsabilidad Civil,11901.31,0,Verde,0.06531513865173495,0,Bajo,0
SIN-0027,POL-0086,ASE-0023,Vida,Invalidez Total,19298.97,96,Rojo,0.8235853638022516,1,Alto,1
SIN-0028,POL-0283,ASE-0220,Vida,Fallecimiento,14714.53,26,Verde,0.1682235288632086,0,Bajo,0
SIN-0029,POL-0243,ASE-0048,Salud,Atención Médica,1641.83,11,Verde,0.04799295879600221,0,Bajo,0
SIN-0030,POL-0198,ASE-0248,Vida,Invalidez Total,47600.59,17,Verde,0.11112754050297184,0,Bajo,0
SIN-0031,POL-0032,ASE-0108,Vehículos,Daño Parcial,2045.3,0,Verde,0.08256998202885864,0,Bajo,0
SIN-0032,POL-0293,ASE-0058,Vehículos,Choque,2178.49,11,Verde,0.061881634206350705,0,Bajo,0
SIN-0033,POL-0003,ASE-0188,Vehículos,Daño Parcial,1158.85,71,Amarillo,0.6520348961058763,1,Alto,1
SIN-0034,POL-0163,ASE-0147,Vida,Invalidez Parcial,12069.14,45,Amarillo,0.2302319167799412,0,Bajo,0
SIN-0035,POL-0264,ASE-0029,Vehículos,Robo,8597.51,5,Verde,0.11354865530631597,0,Bajo,0
SIN-0036,POL-0069,ASE-0247,Salud,Emergencia,767.6,71,Amarillo,0.3226383143811715,0,Medio,0
SIN-0037,POL-0108,ASE-0085,Salud,Hospitalización,1151.47,14,Verde,0.09466394865428031,0,Bajo,0
SIN-0038,POL-0260,ASE-0070,Vehículos,Daño Parcial,1881.84,28,Verde,0.1414350919427654,0,Bajo,0
SIN-0039,POL-0249,ASE-0173,Vida,Invalidez Total,34917.94,94,Rojo,0.8349051507282074,1,Alto,1
SIN-0040,POL-0079,ASE-0101,Generales,Daño Equipos,4676.55,14,Verde,0.037875465388009656,0,Bajo,0
SIN-0041,POL-0113,ASE-0168,Vehículos,Volcadura,5174.01,26,Verde,0.1450216249906915,0,Bajo,0
SIN-0042,POL-0197,ASE-0220,Vehículos,Volcadura,7766.75,71,Amarillo,0.40408745058216305,0,Medio,0
SIN-0043,POL-0098,ASE-0044,Vehículos,Responsabilidad Civil,7089.32,26,Verde,0.036129567650270616,0,Bajo,0
SIN-0044,POL-0068,ASE-0038,Hogar,Robo Contenido,1781.53,10,Verde,0.11712886719542402,0,Bajo,0
SIN-0045,POL-0134,ASE-0225,Salud,Hospitalización,4024.04,56,Amarillo,0.4170366307220714,0,Medio,0
SIN-0046,POL-0174,ASE-0247,Vehículos,Robo,9613.55,83,Rojo,0.955520299308588,1,Alto,1
SIN-0047,POL-0270,ASE-0019,Hogar,Daño por Agua,2540.08,13,Verde,0.06598392024117564,0,Bajo,0
SIN-0048,POL-0073,ASE-0069,Vehículos,Volcadura,4888.16,89,Rojo,0.911927476562317,1,Alto,1
SIN-0049,POL-0221,ASE-0214,Vehículos,Daño Parcial,2448.72,71,Amarillo,0.32916084971876375,0,Medio,0
SIN-0050,POL-0131,ASE-0223,Vehículos,Choque,41763.35,87,Rojo,0.9517702252519953,1,Alto,1
SIN-0051,POL-0009,ASE-0177,Vehículos,Volcadura,3177.4,92,Rojo,0.9279562350275498,1,Alto,1
SIN-0052,POL-0089,ASE-0203,Vehículos,Volcadura,26200.87,87,Rojo,0.9483207634562002,1,Alto,1
SIN-0053,POL-0080,ASE-0150,Vehículos,Pérdida Total,30216.62,56,Amarillo,0.34865848425936646,0,Medio,0
SIN-0054,POL-0104,ASE-0012,Vida,Fallecimiento,21993.82,49,Amarillo,0.530244851756044,1,Medio,0
SIN-0055,POL-0025,ASE-0160,Vehículos,Pérdida Total,23854.95,18,Verde,0.09744346602318536,0,Bajo,0
SIN-0056,POL-0191,ASE-0217,Vehículos,Robo,9190.56,87,Rojo,0.9831129116944147,1,Alto,1
SIN-0057,POL-0039,ASE-0013,Vida,Invalidez Total,33355.27,41,Amarillo,0.2865946896094784,0,Bajo,0
SIN-0058,POL-0254,ASE-0119,Vehículos,Robo,14707.4,80,Rojo,0.8980962533241397,1,Alto,1
SIN-0059,POL-0162,ASE-0088,Salud,Emergencia,18433.32,96,Rojo,0.9659444644482251,1,Alto,1
SIN-0060,POL-0121,ASE-0227,Vehículos,Robo,22779.3,26,Verde,0.10151743958948295,0,Bajo,0
SIN-0061,POL-0071,ASE-0016,Hogar,Responsabilidad Civil,8737.12,12,Verde,0.07140515753587443,0,Bajo,0
SIN-0062,POL-0174,ASE-0247,Vehículos,Robo Parcial,2473.85,13,Verde,0.03528138954612244,0,Bajo,0
SIN-0063,POL-0282,ASE-0201,Vehículos,Volcadura,19498.3,19,Verde,0.085726889879533,0,Bajo,0
SIN-0064,POL-0300,ASE-0244,Vehículos,Robo,16678.36,80,Rojo,0.9927756967769177,1,Alto,1
SIN-0065,POL-0214,ASE-0247,Salud,Atención Médica,2515.09,11,Verde,0.0743386742919562,0,Bajo,0
SIN-0066,POL-0221,ASE-0214,Salud,Atención Médica,2026.93,48,Amarillo,0.20135312516149104,0,Bajo,0
SIN-0067,POL-0253,ASE-0002,Hogar,Incendio,25545.36,26,Verde,0.1360495432093289,0,Bajo,0
SIN-0068,POL-0180,ASE-0069,Salud,Maternidad,3093.93,5,Verde,0.11423130172121149,0,Bajo,0
SIN-0069,POL-0163,ASE-0147,Salud,Cirugía,11072.35,56,Amarillo,0.34252849492056464,0,Medio,0
SIN-0070,POL-0187,ASE-0092,Vehículos,Volcadura,10530.54,80,Rojo,0.9467254802674172,1,Alto,1
SIN-0071,POL-0195,ASE-0090,Salud,Maternidad,10847.72,93,Rojo,0.8637076217990249,1,Alto,1
SIN-0072,POL-0117,ASE-0013,Vehículos,Robo,40113.39,87,Rojo,0.9593940309991354,1,Alto,1
SIN-0073,POL-0090,ASE-0023,Vehículos,Volcadura,5902.28,86,Rojo,0.9334238127221761,1,Alto,1
SIN-0074,POL-0179,ASE-0046,Hogar,Incendio,22594.09,10,Verde,0.15074199178883457,0,Bajo,0
SIN-0075,POL-0083,ASE-0165,Generales,Incendio Comercial,21623.04,19,Verde,0.07135265253439707,0,Bajo,0
SIN-0076,POL-0201,ASE-0155,Generales,Daño Equipos,6948.68,11,Verde,0.09692722451117866,0,Bajo,0
SIN-0077,POL-0289,ASE-0087,Vehículos,Volcadura,11151.23,10,Verde,0.11812973964991105,0,Bajo,0
SIN-0078,POL-0096,ASE-0058,Vehículos,Robo,36778.45,20,Verde,0.0976699312204245,0,Bajo,0
SIN-0079,POL-0182,ASE-0240,Vehículos,Choque,5438.09,76,Rojo,0.6527846142904764,1,Alto,1
SIN-0080,POL-0204,ASE-0090,Vehículos,Choque,2766.67,45,Amarillo,0.21183465756913109,0,Bajo,0
SIN-0081,POL-0272,ASE-0181,Salud,Cirugía,8219.73,57,Amarillo,0.3859634089381083,0,Medio,1
SIN-0082,POL-0266,ASE-0075,Vehículos,Robo Parcial,1577.16,0,Verde,0.10817378739849604,0,Bajo,0
SIN-0083,POL-0299,ASE-0139,Vehículos,Robo,23644.08,21,Verde,0.1418087144422318,0,Bajo,0
SIN-0084,POL-0252,ASE-0073,Hogar,Robo Contenido,29810.54,96,Rojo,0.8346787950300778,1,Alto,1
SIN-0085,POL-0238,ASE-0170,Salud,Cirugía,6804.72,56,Amarillo,0.30952608473550564,0,Medio,0
SIN-0086,POL-0111,ASE-0161,Vehículos,Robo,21447.89,71,Amarillo,0.4824123910998184,0,Medio,0
SIN-0087,POL-0109,ASE-0132,Salud,Cirugía,3413.55,26,Verde,0.06484552022070866,0,Bajo,0
SIN-0088,POL-0296,ASE-0075,Vehículos,Choque,4632.48,19,Verde,0.03071756358540764,0,Bajo,0
SIN-0089,POL-0263,ASE-0095,Salud,Hospitalización,3899.17,42,Amarillo,0.37607159575762217,0,Medio,0
SIN-0090,POL-0069,ASE-0247,Vehículos,Choque,3515.08,0,Verde,0.09100435247228665,0,Bajo,0
SIN-0091,POL-0247,ASE-0179,Salud,Cirugía,6766.69,58,Amarillo,0.4463776296338999,0,Medio,0
SIN-0092,POL-0137,ASE-0077,Vehículos,Robo Parcial,3953.84,16,Verde,0.18686803646524172,0,Bajo,0
SIN-0093,POL-0173,ASE-0146,Salud,Cirugía,14132.64,26,Verde,0.10083540091919273,0,Bajo,0
SIN-0094,POL-0167,ASE-0062,Vida,Invalidez Parcial,13034.33,14,Verde,0.0704353630881152,0,Bajo,0
SIN-0095,POL-0192,ASE-0248,Vehículos,Volcadura,7266.66,25,Verde,0.08443139840386521,0,Bajo,0
SIN-0096,POL-0183,ASE-0088,Salud,Cirugía,4396.67,26,Verde,0.05878794054787814,0,Bajo,0
SIN-0097,POL-0027,ASE-0198,Vehículos,Responsabilidad Civil,5833.33,71,Amarillo,0.4560754371964134,0,Medio,0
SIN-0098,POL-0133,ASE-0107,Salud,Atención Médica,1642.29,18,Verde,0.04259775570150883,0,Bajo,0
SIN-0099,POL-0019,ASE-0124,Vehículos,Choque,2974.22,26,Verde,0.09168143421925981,0,Bajo,0
SIN-0100,POL-0074,ASE-0170,Generales,Incendio Comercial,21349.06,0,Verde,0.03582846978895462,0,Bajo,0
SIN-0101,POL-0160,ASE-0099,Vehículos,Daño Parcial,1888.09,19,Verde,0.08137184354985699,0,Bajo,0
SIN-0102,POL-0190,ASE-0187,Salud,Emergencia,1768.81,0,Verde,0.03710382190838984,0,Bajo,0
SIN-0103,POL-0165,ASE-0153,Salud,Cirugía,3390.67,11,Verde,0.06809564151212397,0,Bajo,0
SIN-0104,POL-0171,ASE-0230,Vehículos,Volcadura,46543.93,80,Rojo,0.9346209965381473,1,Alto,1
SIN-0105,POL-0194,ASE-0043,Salud,Cirugía,10961.8,26,Verde,0.08349148014925149,0,Bajo,0
SIN-0106,POL-0297,ASE-0078,Vehículos,Pérdida Total,10450.33,25,Verde,0.06593497119643214,0,Bajo,0
SIN-0107,POL-0073,ASE-0069,Vehículos,Pérdida Total,10029.7,44,Amarillo,0.6453954769690042,1,Alto,1
SIN-0108,POL-0235,ASE-0207,Hogar,Terremoto,6885.43,0,Verde,0.09613170787305966,0,Bajo,0
SIN-0109,POL-0224,ASE-0125,Generales,Responsabilidad Civil,16000.35,5,Verde,0.16163238797324447,0,Bajo,0
SIN-0110,POL-0097,ASE-0180,Vida,Invalidez Parcial,6749.48,11,Verde,0.08139588455860687,0,Bajo,0
SIN-0111,POL-0119,ASE-0033,Vehículos,Volcadura,12992.06,49,Amarillo,0.5701992476956396,1,Medio,1
SIN-0112,POL-0264,ASE-0029,Vehículos,Responsabilidad Civil,16695.25,11,Verde,0.03942125676168247,0,Bajo,0
SIN-0113,POL-0100,ASE-0145,Hogar,Responsabilidad Civil,7885.84,83,Rojo,0.7200342377908515,1,Alto,1
SIN-0114,POL-0221,ASE-0214,Vehículos,Choque,6144.07,56,Amarillo,0.3669554433780284,0,Medio,0
SIN-0115,POL-0259,ASE-0057,Vehículos,Robo,9344.34,99,Rojo,0.985329697727861,1,Alto,1
SIN-0116,POL-0297,ASE-0078,Vehículos,Volcadura,7642.77,7,Verde,0.08627602576719137,0,Bajo,0
SIN-0117,POL-0270,ASE-0019,Vehículos,Pérdida Total,39319.0,25,Verde,0.23512800176911353,0,Bajo,0
SIN-0118,POL-0158,ASE-0231,Vida,Enfermedades Graves,28101.76,20,Verde,0.14200971252595684,0,Bajo,0
SIN-0119,POL-0084,ASE-0002,Vehículos,Robo Parcial,1822.76,5,Verde,0.06113656265271619,0,Bajo,0
SIN-0120,POL-0122,ASE-0212,Vehículos,Pérdida Total,20906.2,9,Verde,0.10026197848239284,0,Bajo,0
SIN-0121,POL-0059,ASE-0173,Vehículos,Robo Parcial,2167.78,49,Amarillo,0.6747302678734495,1,Alto,1
SIN-0122,POL-0119,ASE-0033,Salud,Maternidad,2268.94,5,Verde,0.03206173336958945,0,Bajo,0
SIN-0123,POL-0036,ASE-0059,Salud,Maternidad,840.42,58,Amarillo,0.4020918089256819,0,Medio,0
SIN-0124,POL-0177,ASE-0115,Hogar,Incendio,19377.19,11,Verde,0.051483177759105464,0,Bajo,0
SIN-0125,POL-0207,ASE-0052,Hogar,Terremoto,8879.85,48,Amarillo,0.2860058576152236,0,Bajo,0
SIN-0126,POL-0238,ASE-0170,Vehículos,Volcadura,16881.5,83,Rojo,0.9300152056616139,1,Alto,1
SIN-0127,POL-0040,ASE-0094,Vehículos,Daño Parcial,3369.0,26,Verde,0.08440400052146327,0,Bajo,0
SIN-0128,POL-0052,ASE-0003,Vehículos,Responsabilidad Civil,11427.06,56,Amarillo,0.42921167891801887,0,Medio,0
SIN-0129,POL-0230,ASE-0146,Salud,Atención Médica,356.47,26,Verde,0.10912684304159777,0,Bajo,0
SIN-0130,POL-0207,ASE-0052,Vida,Enfermedades Graves,27683.59,48,Amarillo,0.13919292552629292,0,Bajo,0
SIN-0131,POL-0229,ASE-0188,Vehículos,Robo,14064.0,5,Verde,0.07575626999531902,0,Bajo,0
SIN-0132,POL-0278,ASE-0240,Vehículos,Robo Parcial,4022.4,48,Amarillo,0.4174183434538351,0,Medio,0
SIN-0133,POL-0026,ASE-0052,Vida,Invalidez Total,14984.03,48,Amarillo,0.20865580421335622,0,Bajo,1
SIN-0134,POL-0201,ASE-0155,Vehículos,Robo,30893.23,100,Rojo,0.9912637244862482,1,Alto,1
SIN-0135,POL-0029,ASE-0176,Hogar,Daño por Agua,1381.03,0,Verde,0.06880012341677105,0,Bajo,0
SIN-0136,POL-0210,ASE-0247,Vida,Fallecimiento,24114.26,0,Verde,0.146363750417213,0,Bajo,0
SIN-0137,POL-0082,ASE-0025,Vehículos,Volcadura,5357.81,56,Amarillo,0.6889985732310714,1,Alto,1
SIN-0138,POL-0133,ASE-0107,Vehículos,Volcadura,4629.24,42,Amarillo,0.31564537045463076,0,Medio,0
SIN-0139,POL-0246,ASE-0240,Vehículos,Pérdida Total,40220.44,36,Verde,0.15867739312242637,0,Bajo,0
SIN-0140,POL-0198,ASE-0248,Vehículos,Robo Parcial,4881.0,19,Verde,0.063103777378713,0,Bajo,0
SIN-0141,POL-0267,ASE-0086,Vehículos,Robo,37594.45,10,Verde,0.11977142042301386,0,Bajo,0
SIN-0142,POL-0091,ASE-0043,Vehículos,Robo Parcial,3998.26,42,Amarillo,0.35042979464412616,0,Medio,0
SIN-0143,POL-0125,ASE-0006,Vehículos,Robo Parcial,1492.46,9,Verde,0.06985809741159718,0,Bajo,0
SIN-0144,POL-0151,ASE-0094,Vehículos,Responsabilidad Civil,10051.81,41,Amarillo,0.4778249664466799,0,Medio,0
SIN-0145,POL-0067,ASE-0195,Vida,Invalidez Total,25540.29,41,Amarillo,0.21247065697219739,0,Bajo,0
SIN-0146,POL-0249,ASE-0173,Vehículos,Daño Parcial,3545.22,11,Verde,0.03918411438039606,0,Bajo,0
SIN-0147,POL-0119,ASE-0033,Hogar,Responsabilidad Civil,1963.75,16,Verde,0.04135585787620509,0,Bajo,0
SIN-0148,POL-0067,ASE-0195,Salud,Emergencia,610.52,13,Verde,0.11956659482585681,0,Bajo,0
SIN-0149,POL-0181,ASE-0029,Vehículos,Choque,7994.39,49,Amarillo,0.46311017279792216,0,Medio,0
SIN-0150,POL-0161,ASE-0017,Vehículos,Robo Parcial,3712.06,26,Verde,0.08873157224409069,0,Bajo,0
SIN-0151,POL-0017,ASE-0211,Salud,Hospitalización,7155.39,11,Verde,0.07837696847654227,0,Bajo,0
SIN-0152,POL-0186,ASE-0016,Vehículos,Volcadura,7566.84,76,Rojo,0.7418786036344485,1,Alto,1
SIN-0153,POL-0019,ASE-0124,Hogar,Incendio,12635.88,0,Verde,0.3150445066220099,0,Medio,1
SIN-0154,POL-0174,ASE-0247,Vehículos,Volcadura,5517.41,49,Amarillo,0.6225569542752118,1,Alto,1
SIN-0155,POL-0132,ASE-0015,Salud,Atención Médica,930.13,45,Amarillo,0.47464780486093816,0,Medio,1
SIN-0156,POL-0023,ASE-0220,Salud,Atención Médica,1489.99,15,Verde,0.0885679272036813,0,Bajo,0
SIN-0157,POL-0042,ASE-0084,Vehículos,Volcadura,15924.11,7,Verde,0.08895678072565713,0,Bajo,0
SIN-0158,POL-0105,ASE-0061,Salud,Maternidad,1551.53,0,Verde,0.03553878476923738,0,Bajo,0
SIN-0159,POL-0053,ASE-0013,Vida,Enfermedades Graves,15587.04,0,Verde,0.09576258747309263,0,Bajo,0
SIN-0160,POL-0203,ASE-0091,Vehículos,Robo,35387.27,24,Verde,0.1118915901088026,0,Bajo,0
SIN-0161,POL-0152,ASE-0067,Vida,Enfermedades Graves,22819.9,13,Verde,0.04799362264697236,0,Bajo,0
SIN-0162,POL-0209,ASE-0142,Salud,Cirugía,9461.46,56,Amarillo,0.6782309610093955,1,Alto,1
SIN-0163,POL-0065,ASE-0158,Generales,Daño Equipos,40688.28,95,Rojo,0.8596702267491516,1,Alto,1
SIN-0164,POL-0107,ASE-0131,Vehículos,Pérdida Total,40224.01,56,Amarillo,0.3592060002322479,0,Medio,0
SIN-0165,POL-0196,ASE-0185,Vehículos,Choque,5825.55,5,Verde,0.02793225264016901,0,Bajo,0
SIN-0166,POL-0166,ASE-0102,Generales,Daño Equipos,2398.51,12,Verde,0.019906224712399233,0,Bajo,0
SIN-0167,POL-0250,ASE-0032,Vida,Fallecimiento,11389.59,44,Amarillo,0.22069112142974912,0,Bajo,0
SIN-0168,POL-0156,ASE-0173,Vehículos,Choque,3148.45,23,Verde,0.04609416277293785,0,Bajo,0
SIN-0169,POL-0190,ASE-0187,Salud,Atención Médica,2429.22,49,Amarillo,0.25953048910568294,0,Bajo,0
SIN-0170,POL-0202,ASE-0177,Vehículos,Robo Parcial,1575.39,9,Verde,0.10773267395370079,0,Bajo,0
SIN-0171,POL-0208,ASE-0102,Vehículos,Choque,7587.32,71,Amarillo,0.45988048035344276,0,Medio,0
SIN-0172,POL-0120,ASE-0011,Salud,Cirugía,2223.52,49,Amarillo,0.32972776490251043,0,Medio,0
SIN-0173,POL-0281,ASE-0231,Hogar,Robo Contenido,5565.44,20,Verde,0.09016880237925834,0,Bajo,0
SIN-0174,POL-0197,ASE-0220,Vehículos,Robo,79134.92,80,Rojo,0.9623875260560993,1,Alto,1
SIN-0175,POL-0023,ASE-0220,Vida,Fallecimiento,13250.98,83,Rojo,0.9051389173055878,1,Alto,1
SIN-0176,POL-0142,ASE-0066,Generales,Daño Equipos,5123.77,46,Amarillo,0.21330037741782173,0,Bajo,0
SIN-0177,POL-0223,ASE-0176,Generales,Robo Equipos,6611.4,56,Amarillo,0.27324432918737235,0,Bajo,0
SIN-0178,POL-0104,ASE-0012,Generales,Daño Equipos,7908.0,26,Verde,0.16492891768692608,0,Bajo,0
SIN-0179,POL-0007,ASE-0185,Vehículos,Volcadura,4950.87,10,Verde,0.1272781304817431,0,Bajo,0
SIN-0180,POL-0190,ASE-0187,Vehículos,Responsabilidad Civil,9010.24,44,Amarillo,0.1520104779919842,0,Bajo,0
SIN-0181,POL-0002,ASE-0094,Hogar,Terremoto,18369.27,58,Amarillo,0.6464244451000809,1,Alto,1
SIN-0182,POL-0245,ASE-0122,Generales,Daño Equipos,2053.84,71,Amarillo,0.3079434038900633,0,Medio,0
SIN-0183,POL-0199,ASE-0055,Generales,Incendio Comercial,24700.88,0,Verde,0.03818099156590836,0,Bajo,0
SIN-0184,POL-0268,ASE-0112,Salud,Emergencia,1844.89,25,Verde,0.10705773587370836,0,Bajo,0
SIN-0185,POL-0219,ASE-0104,Vehículos,Choque,3775.92,5,Verde,0.03523968726974404,0,Bajo,0
SIN-0186,POL-0030,ASE-0226,Salud,Atención Médica,1885.83,5,Verde,0.04639092109001698,0,Bajo,0
SIN-0187,POL-0206,ASE-0202,Salud,Maternidad,939.87,0,Verde,0.11287457657690378,0,Bajo,0
SIN-0188,POL-0143,ASE-0190,Vehículos,Robo,37229.76,5,Verde,0.10043482793733771,0,Bajo,0
SIN-0189,POL-0062,ASE-0053,Hogar,Daño por Agua,1921.97,0,Verde,0.05033690466465624,0,Bajo,0
SIN-0190,POL-0245,ASE-0122,Hogar,Terremoto,21104.2,56,Amarillo,0.39295988860811454,0,Medio,0
SIN-0191,POL-0153,ASE-0020,Hogar,Responsabilidad Civil,7043.53,0,Verde,0.03438596331209475,0,Bajo,0
SIN-0192,POL-0023,ASE-0220,Hogar,Robo Contenido,1620.75,71,Amarillo,0.3588553190136022,0,Medio,0
SIN-0193,POL-0095,ASE-0233,Vehículos,Pérdida Total,43341.02,19,Verde,0.1195263377807489,0,Bajo,0
SIN-0194,POL-0180,ASE-0069,Salud,Maternidad,868.07,84,Rojo,0.8162559172076038,1,Alto,1
SIN-0195,POL-0263,ASE-0095,Vehículos,Robo,29671.78,49,Amarillo,0.5988740728241733,1,Medio,1
SIN-0196,POL-0155,ASE-0222,Hogar,Robo Contenido,8785.35,5,Verde,0.08042201571493407,0,Bajo,0
SIN-0197,POL-0146,ASE-0244,Vehículos,Volcadura,12363.76,40,Verde,0.44624996310336457,0,Medio,0
SIN-0198,POL-0016,ASE-0093,Vehículos,Volcadura,18707.57,7,Verde,0.058776600837117686,0,Bajo,0
SIN-0199,POL-0021,ASE-0179,Vehículos,Choque,1511.66,71,Amarillo,0.6195558630737927,1,Alto,1
SIN-0200,POL-0101,ASE-0055,Vehículos,Daño Parcial,693.89,71,Amarillo,0.3059275970658056,0,Medio,0
SIN-0201,POL-0007,ASE-0185,Vehículos,Volcadura,18494.41,13,Verde,0.10024866827217997,0,Bajo,0
SIN-0202,POL-0107,ASE-0131,Vehículos,Robo Parcial,803.52,5,Verde,0.1303976444941998,0,Bajo,0
SIN-0203,POL-0114,ASE-0192,Vehículos,Volcadura,15226.95,42,Amarillo,0.3514861045438184,0,Medio,0
SIN-0204,POL-0168,ASE-0095,Salud,Cirugía,3457.75,95,Rojo,0.8204696830936922,1,Alto,1
SIN-0205,POL-0241,ASE-0245,Vida,Enfermedades Graves,19409.29,41,Amarillo,0.5130263661781312,1,Medio,0
SIN-0206,POL-0105,ASE-0061,Salud,Emergencia,1290.5,56,Amarillo,0.5980225722691654,1,Medio,1
SIN-0207,POL-0265,ASE-0110,Vehículos,Daño Parcial,2712.41,56,Amarillo,0.447830228709365,0,Medio,0
SIN-0208,POL-0093,ASE-0037,Salud,Atención Médica,19488.42,80,Rojo,0.6766165048478328,1,Alto,1
SIN-0209,POL-0203,ASE-0091,Vehículos,Volcadura,18055.82,100,Rojo,0.9538203220668074,1,Alto,1
SIN-0210,POL-0194,ASE-0043,Vida,Invalidez Parcial,7890.99,76,Rojo,0.9277366533926087,1,Alto,1
SIN-0211,POL-0047,ASE-0176,Salud,Emergencia,1953.87,5,Verde,0.07103314497540618,0,Bajo,0
SIN-0212,POL-0057,ASE-0026,Vehículos,Responsabilidad Civil,7716.17,25,Verde,0.05048324465235513,0,Bajo,0
SIN-0213,POL-0095,ASE-0233,Vida,Enfermedades Graves,22609.81,41,Amarillo,0.5285226151018674,1,Medio,1
SIN-0214,POL-0099,ASE-0134,Hogar,Robo Contenido,8245.39,26,Verde,0.12399366016384483,0,Bajo,0
SIN-0215,POL-0134,ASE-0225,Vida,Enfermedades Graves,8215.32,12,Verde,0.26627796331991926,0,Bajo,0
SIN-0216,POL-0180,ASE-0069,Vehículos,Pérdida Total,21703.09,13,Verde,0.17074069108424117,0,Bajo,0
SIN-0217,POL-0174,ASE-0247,Vehículos,Volcadura,13762.84,10,Verde,0.10400161610420332,0,Bajo,0
SIN-0218,POL-0256,ASE-0080,Vehículos,Responsabilidad Civil,18381.77,49,Amarillo,0.35079873537743483,0,Medio,0
SIN-0219,POL-0259,ASE-0057,Vehículos,Volcadura,8725.03,25,Verde,0.12644174021733515,0,Bajo,0
SIN-0220,POL-0052,ASE-0003,Vida,Fallecimiento,16618.05,26,Verde,0.05160330981492823,0,Bajo,0
SIN-0221,POL-0139,ASE-0146,Hogar,Robo Contenido,1963.6,56,Amarillo,0.6154347141151437,1,Alto,1
SIN-0222,POL-0101,ASE-0055,Vehículos,Choque,4696.98,11,Verde,0.09109045145608789,0,Bajo,0
SIN-0223,POL-0265,ASE-0110,Vehículos,Volcadura,5145.7,100,Rojo,0.9700469746590947,1,Alto,1
SIN-0224,POL-0007,ASE-0185,Hogar,Terremoto,13398.04,5,Verde,0.10685464315790057,0,Bajo,0
SIN-0225,POL-0180,ASE-0069,Vehículos,Robo,31237.18,5,Verde,0.1501044006976881,0,Bajo,0
SIN-0226,POL-0151,ASE-0094,Vehículos,Pérdida Total,15604.11,5,Verde,0.12775729709872843,0,Bajo,0
SIN-0227,POL-0110,ASE-0014,Vehículos,Robo,9283.94,26,Verde,0.03504002784338671,0,Bajo,0
SIN-0228,POL-0181,ASE-0029,Vehículos,Pérdida Total,28906.19,26,Verde,0.0862690968404707,0,Bajo,0
SIN-0229,POL-0162,ASE-0088,Generales,Responsabilidad Civil,16803.13,56,Amarillo,0.45373262412222715,0,Medio,0
SIN-0230,POL-0188,ASE-0007,Vehículos,Pérdida Total,17756.81,71,Amarillo,0.3249464171293356,0,Medio,0
SIN-0231,POL-0037,ASE-0218,Vehículos,Responsabilidad Civil,24463.02,90,Rojo,0.9205904804082684,1,Alto,1
SIN-0232,POL-0297,ASE-0078,Vida,Invalidez Total,26931.19,71,Amarillo,0.4929562318826754,0,Medio,0
SIN-0233,POL-0126,ASE-0227,Hogar,Responsabilidad Civil,13271.88,20,Verde,0.10498902055983357,0,Bajo,0
SIN-0234,POL-0242,ASE-0229,Hogar,Robo Contenido,5066.17,0,Verde,0.11083315805231582,0,Bajo,0
SIN-0235,POL-0050,ASE-0229,Vehículos,Choque,3910.81,25,Verde,0.05083477281256234,0,Bajo,0
SIN-0236,POL-0023,ASE-0220,Hogar,Robo Contenido,2741.74,26,Verde,0.1184804936597985,0,Bajo,0
SIN-0237,POL-0274,ASE-0195,Vida,Invalidez Total,44468.04,41,Amarillo,0.17902681553683666,0,Bajo,0
SIN-0238,POL-0281,ASE-0231,Vehículos,Robo,17257.77,89,Rojo,0.9815654142514633,1,Alto,1
SIN-0239,POL-0289,ASE-0087,Generales,Robo Equipos,7382.33,56,Amarillo,0.32449484262681866,0,Medio,0
SIN-0240,POL-0020,ASE-0225,Salud,Emergencia,412.7,86,Rojo,0.9175407324991685,1,Alto,1
SIN-0241,POL-0263,ASE-0095,Vida,Invalidez Parcial,17052.23,56,Amarillo,0.3249175300365041,0,Medio,0
SIN-0242,POL-0173,ASE-0146,Generales,Robo Equipos,11391.73,25,Verde,0.14960438462284886,0,Bajo,0
SIN-0243,POL-0096,ASE-0058,Hogar,Robo Contenido,1471.74,58,Amarillo,0.5523596585053802,1,Medio,1
SIN-0244,POL-0264,ASE-0029,Salud,Atención Médica,285.74,15,Verde,0.05670620347225621,0,Bajo,0
SIN-0245,POL-0235,ASE-0207,Vehículos,Pérdida Total,10409.91,87,Rojo,0.49549030286349627,0,Medio,1
SIN-0246,POL-0061,ASE-0174,Vehículos,Robo,9853.63,95,Rojo,0.990509901917448,1,Alto,1
SIN-0247,POL-0108,ASE-0085,Vehículos,Pérdida Total,41536.2,46,Amarillo,0.21872672392849657,0,Bajo,0
SIN-0248,POL-0001,ASE-0033,Vehículos,Robo Parcial,2822.42,26,Verde,0.3381976841330303,0,Medio,1
SIN-0249,POL-0085,ASE-0131,Vida,Enfermedades Graves,18299.92,26,Verde,0.0861241239891345,0,Bajo,0
SIN-0250,POL-0058,ASE-0153,Vehículos,Responsabilidad Civil,4243.39,11,Verde,0.08104651269897083,0,Bajo,0
SIN-0251,POL-0061,ASE-0174,Vehículos,Volcadura,15662.28,21,Verde,0.4379529698704699,0,Medio,1
SIN-0252,POL-0178,ASE-0054,Salud,Atención Médica,1844.74,11,Verde,0.028688569796238635,0,Bajo,0
SIN-0253,POL-0074,ASE-0170,Salud,Hospitalización,6700.7,0,Verde,0.03426902790026495,0,Bajo,0
SIN-0254,POL-0070,ASE-0102,Vida,Invalidez Total,36870.48,56,Amarillo,0.3558869561998621,0,Medio,0
SIN-0255,POL-0217,ASE-0220,Vehículos,Responsabilidad Civil,2205.98,15,Verde,0.12260795330673048,0,Bajo,0
SIN-0256,POL-0066,ASE-0158,Vehículos,Volcadura,4892.51,100,Rojo,0.9010900451211461,1,Alto,1
SIN-0257,POL-0091,ASE-0043,Vehículos,Responsabilidad Civil,7225.79,5,Verde,0.10521424859436498,0,Bajo,0
SIN-0258,POL-0191,ASE-0217,Vehículos,Responsabilidad Civil,18693.18,57,Amarillo,0.34085428341747864,0,Medio,0
SIN-0259,POL-0027,ASE-0198,Vehículos,Pérdida Total,42685.44,20,Verde,0.07138842908295895,0,Bajo,0
SIN-0260,POL-0259,ASE-0057,Vehículos,Pérdida Total,44445.45,11,Verde,0.09998445968925418,0,Bajo,0
SIN-0261,POL-0138,ASE-0051,Hogar,Incendio,9480.15,45,Amarillo,0.3786327251742774,0,Medio,0
SIN-0262,POL-0245,ASE-0122,Vehículos,Pérdida Total,21492.07,23,Verde,0.09060284007523062,0,Bajo,0
SIN-0263,POL-0183,ASE-0088,Generales,Daño Equipos,32619.57,100,Rojo,0.861213800022179,1,Alto,1
SIN-0264,POL-0265,ASE-0110,Salud,Maternidad,1567.18,0,Verde,0.02044165731833877,0,Bajo,0
SIN-0265,POL-0233,ASE-0005,Vehículos,Daño Parcial,2538.32,20,Verde,0.05867920943553012,0,Bajo,0
SIN-0266,POL-0028,ASE-0040,Salud,Maternidad,3005.46,41,Amarillo,0.24527402105926607,0,Bajo,0
SIN-0267,POL-0248,ASE-0198,Salud,Hospitalización,3108.99,0,Verde,0.040820975464486854,0,Bajo,0
SIN-0268,POL-0086,ASE-0023,Hogar,Terremoto,12504.58,26,Verde,0.0806229949328203,0,Bajo,0
SIN-0269,POL-0065,ASE-0158,Vehículos,Responsabilidad Civil,7281.47,26,Verde,0.09508009152307403,0,Bajo,0
SIN-0270,POL-0003,ASE-0188,Vehículos,Daño Parcial,3256.22,26,Verde,0.07524413330533197,0,Bajo,0
SIN-0271,POL-0231,ASE-0095,Vida,Invalidez Parcial,16933.74,0,Verde,0.025396201299467135,0,Bajo,0
SIN-0272,POL-0011,ASE-0204,Generales,Daño Equipos,3212.73,11,Verde,0.06336808568960423,0,Bajo,0
SIN-0273,POL-0083,ASE-0165,Salud,Atención Médica,1382.78,12,Verde,0.09384201970835812,0,Bajo,0
SIN-0274,POL-0206,ASE-0202,Vehículos,Daño Parcial,1939.79,76,Rojo,0.7655354740412197,1,Alto,1
SIN-0275,POL-0011,ASE-0204,Vehículos,Robo,9221.23,14,Verde,0.07470423108629996,0,Bajo,0
SIN-0276,POL-0199,ASE-0055,Vida,Invalidez Parcial,5620.81,71,Amarillo,0.7713675895627352,1,Alto,1
SIN-0277,POL-0184,ASE-0119,Vehículos,Choque,4697.58,26,Verde,0.05599894302342066,0,Bajo,0
SIN-0278,POL-0180,ASE-0069,Vehículos,Choque,2116.19,5,Verde,0.09341042879924606,0,Bajo,0
SIN-0279,POL-0284,ASE-0072,Vehículos,Pérdida Total,13166.69,26,Verde,0.0489726580674423,0,Bajo,0
SIN-0280,POL-0002,ASE-0094,Vehículos,Volcadura,32052.79,95,Rojo,0.9337333475191345,1,Alto,1
SIN-0281,POL-0266,ASE-0075,Generales,Responsabilidad Civil,4416.24,47,Amarillo,0.6613854989232175,1,Alto,1
SIN-0282,POL-0268,ASE-0112,Hogar,Robo Contenido,3229.07,11,Verde,0.02706911909312932,0,Bajo,0
SIN-0283,POL-0218,ASE-0176,Salud,Hospitalización,3455.13,48,Amarillo,0.28707839752791264,0,Bajo,0
SIN-0284,POL-0028,ASE-0040,Vehículos,Robo Parcial,1331.37,84,Rojo,0.6842765254575915,1,Alto,1
SIN-0285,POL-0016,ASE-0093,Vehículos,Choque,3513.45,26,Verde,0.14070036119510587,0,Bajo,0
SIN-0286,POL-0180,ASE-0069,Vehículos,Choque,7504.15,48,Amarillo,0.6053137259261259,1,Alto,1
SIN-0287,POL-0101,ASE-0055,Hogar,Incendio,19755.94,48,Amarillo,0.5395171720855355,1,Medio,0
SIN-0288,POL-0184,ASE-0119,Vehículos,Robo,14773.91,56,Amarillo,0.2277791415724078,0,Bajo,0
SIN-0289,POL-0162,ASE-0088,Hogar,Terremoto,6109.56,57,Amarillo,0.7064225464098793,1,Alto,1
SIN-0290,POL-0105,ASE-0061,Vida,Invalidez Total,20939.18,11,Verde,0.10515604621132717,0,Bajo,0
SIN-0291,POL-0073,ASE-0069,Vehículos,Daño Parcial,1674.81,56,Amarillo,0.618270649189249,1,Alto,0
SIN-0292,POL-0059,ASE-0173,Vida,Invalidez Total,47767.65,26,Verde,0.08089750460991177,0,Bajo,0
SIN-0293,POL-0168,ASE-0095,Vehículos,Volcadura,7817.69,44,Amarillo,0.3328352346649512,0,Medio,0
SIN-0294,POL-0146,ASE-0244,Hogar,Daño por Agua,6286.16,25,Verde,0.12333142877458236,0,Bajo,0
SIN-0295,POL-0073,ASE-0069,Vehículos,Volcadura,6831.61,26,Verde,0.10909404602274626,0,Bajo,0
SIN-0296,POL-0103,ASE-0121,Hogar,Responsabilidad Civil,13983.08,43,Amarillo,0.14125895336413788,0,Bajo,0
SIN-0297,POL-0106,ASE-0056,Generales,Incendio Comercial,10462.99,0,Verde,0.06293698074100842,0,Bajo,0
SIN-0298,POL-0070,ASE-0102,Salud,Atención Médica,822.89,0,Verde,0.12193964373619279,0,Bajo,0
SIN-0299,POL-0021,ASE-0179,Hogar,Robo Contenido,4096.47,96,Rojo,0.5759175040487542,1,Medio,1
SIN-0300,POL-0267,ASE-0086,Hogar,Terremoto,5986.53,11,Verde,0.1111495649657562,0,Bajo,0
SIN-0301,POL-0252,ASE-0073,Salud,Cirugía,10976.58,11,Verde,0.09565084000365388,0,Bajo,0
SIN-0302,POL-0240,ASE-0119,Salud,Emergencia,572.18,0,Verde,0.12156408128113425,0,Bajo,0
SIN-0303,POL-0267,ASE-0086,Hogar,Daño por Agua,5544.39,0,Verde,0.0807954849489408,0,Bajo,0
SIN-0304,POL-0020,ASE-0225,Vehículos,Robo Parcial,3397.31,15,Verde,0.09895659061521987,0,Bajo,0
SIN-0305,POL-0221,ASE-0214,Vehículos,Daño Parcial,3628.14,10,Verde,0.13987825198866288,0,Bajo,0
SIN-0306,POL-0111,ASE-0161,Vehículos,Daño Parcial,2992.18,17,Verde,0.054989898034502355,0,Bajo,0
SIN-0307,POL-0201,ASE-0155,Vehículos,Choque,5072.66,13,Verde,0.09220443435934281,0,Bajo,0
SIN-0308,POL-0098,ASE-0044,Salud,Hospitalización,1659.85,43,Amarillo,0.17726039377069916,0,Bajo,0
SIN-0309,POL-0139,ASE-0146,Vehículos,Choque,5453.57,56,Amarillo,0.37929458186239295,0,Medio,0
SIN-0310,POL-0197,ASE-0220,Vehículos,Choque,6337.14,16,Verde,0.11110550570665297,0,Bajo,0
SIN-0311,POL-0004,ASE-0231,Vehículos,Responsabilidad Civil,20997.81,76,Rojo,0.9740399739182246,1,Alto,1
SIN-0312,POL-0252,ASE-0073,Vehículos,Pérdida Total,31522.86,42,Amarillo,0.30913337620131104,0,Medio,0
SIN-0313,POL-0085,ASE-0131,Hogar,Terremoto,7516.3,11,Verde,0.08926653126660397,0,Bajo,0
SIN-0314,POL-0234,ASE-0152,Vehículos,Choque,6159.19,10,Verde,0.043643865462735354,0,Bajo,0
SIN-0315,POL-0037,ASE-0218,Vehículos,Daño Parcial,3659.47,47,Amarillo,0.18789613832981852,0,Bajo,0
SIN-0316,POL-0258,ASE-0085,Vehículos,Pérdida Total,32275.08,15,Verde,0.1026799003872693,0,Bajo,0
SIN-0317,POL-0223,ASE-0176,Hogar,Responsabilidad Civil,6367.9,15,Verde,0.08152324733464225,0,Bajo,0
SIN-0318,POL-0056,ASE-0087,Salud,Emergencia,1615.01,13,Verde,0.053546030884666695,0,Bajo,0
SIN-0319,POL-0137,ASE-0077,Vehículos,Responsabilidad Civil,18808.58,9,Verde,0.4826285849996358,0,Medio,1
SIN-0320,POL-0086,ASE-0023,Hogar,Responsabilidad Civil,8774.38,71,Amarillo,0.6690704817069519,1,Alto,1
SIN-0321,POL-0030,ASE-0226,Hogar,Terremoto,4655.32,13,Verde,0.07431606274525199,0,Bajo,0
SIN-0322,POL-0295,ASE-0190,Salud,Atención Médica,314.48,11,Verde,0.07324145987016577,0,Bajo,0
SIN-0323,POL-0139,ASE-0146,Salud,Emergencia,1663.47,26,Verde,0.08501170088386202,0,Bajo,0
SIN-0324,POL-0251,ASE-0216,Vehículos,Robo,34439.7,88,Rojo,0.971586293402997,1,Alto,1
SIN-0325,POL-0198,ASE-0248,Salud,Emergencia,476.34,71,Amarillo,0.3733140632388157,0,Medio,0
SIN-0326,POL-0141,ASE-0112,Salud,Maternidad,3565.9,29,Verde,0.0704704329613088,0,Bajo,0
SIN-0327,POL-0175,ASE-0188,Salud,Emergencia,23349.14,92,Rojo,0.9070387250485868,1,Alto,1
SIN-0328,POL-0084,ASE-0002,Salud,Cirugía,8144.53,14,Verde,0.03435752761483486,0,Bajo,0
SIN-0329,POL-0264,ASE-0029,Vida,Enfermedades Graves,16892.48,26,Verde,0.03678589400408048,0,Bajo,0
SIN-0330,POL-0199,ASE-0055,Salud,Hospitalización,2660.99,26,Verde,0.08542293007840332,0,Bajo,0
SIN-0331,POL-0199,ASE-0055,Vehículos,Robo,43313.15,11,Verde,0.06783759631352296,0,Bajo,0
SIN-0332,POL-0258,ASE-0085,Salud,Atención Médica,5786.76,100,Rojo,0.9311635148581665,1,Alto,1
SIN-0333,POL-0156,ASE-0173,Generales,Daño Equipos,2998.86,26,Verde,0.051147060228029846,0,Bajo,0
SIN-0334,POL-0052,ASE-0003,Vehículos,Robo Parcial,3478.91,9,Verde,0.06108433220163707,0,Bajo,0
SIN-0335,POL-0050,ASE-0229,Vehículos,Robo Parcial,727.98,83,Rojo,0.8648259060068149,1,Alto,1
SIN-0336,POL-0201,ASE-0155,Vehículos,Responsabilidad Civil,10331.02,26,Verde,0.07042341405461308,0,Bajo,0
SIN-0337,POL-0254,ASE-0119,Salud,Maternidad,1799.71,58,Amarillo,0.5076887978710638,1,Medio,0
SIN-0338,POL-0028,ASE-0040,Salud,Maternidad,2115.56,71,Amarillo,0.36127716487779277,0,Medio,0
SIN-0339,POL-0238,ASE-0170,Salud,Maternidad,3665.65,46,Amarillo,0.38995004825900076,0,Medio,0
SIN-0340,POL-0092,ASE-0172,Generales,Responsabilidad Civil,4197.99,56,Amarillo,0.311706400835725,0,Medio,0
SIN-0341,POL-0294,ASE-0228,Vehículos,Pérdida Total,30969.07,12,Verde,0.020243266544152205,0,Bajo,0
SIN-0342,POL-0053,ASE-0013,Vehículos,Choque,16858.38,76,Rojo,0.9081492285704948,1,Alto,1
SIN-0343,POL-0124,ASE-0025,Vehículos,Pérdida Total,21843.02,0,Verde,0.054691775477882704,0,Bajo,0
SIN-0344,POL-0096,ASE-0058,Vida,Invalidez Parcial,12166.64,5,Verde,0.07171467074542125,0,Bajo,0
SIN-0345,POL-0283,ASE-0220,Generales,Responsabilidad Civil,10054.51,26,Verde,0.1914687769259664,0,Bajo,0
SIN-0346,POL-0262,ASE-0146,Generales,Daño Equipos,7886.84,26,Verde,0.13048619426064856,0,Bajo,0
SIN-0347,POL-0207,ASE-0052,Hogar,Incendio,10819.51,58,Amarillo,0.2806870851065393,0,Bajo,0
SIN-0348,POL-0265,ASE-0110,Vehículos,Robo,16973.68,76,Rojo,0.9869980687869395,1,Alto,1
SIN-0349,POL-0130,ASE-0159,Vehículos,Robo Parcial,2272.76,26,Verde,0.09236522174145484,0,Bajo,0
SIN-0350,POL-0278,ASE-0240,Salud,Hospitalización,7857.82,14,Verde,0.08608435269631212,0,Bajo,0
SIN-0351,POL-0217,ASE-0220,Salud,Cirugía,2172.51,48,Amarillo,0.21604160328992544,0,Bajo,0
SIN-0352,POL-0234,ASE-0152,Vehículos,Robo,19323.0,23,Verde,0.0932737918436943,0,Bajo,0
SIN-0353,POL-0013,ASE-0030,Generales,Robo Equipos,14079.32,56,Amarillo,0.2989799142372062,0,Bajo,0
SIN-0354,POL-0134,ASE-0225,Vehículos,Pérdida Total,29992.86,27,Verde,0.20602745411171977,0,Bajo,0
SIN-0355,POL-0176,ASE-0043,Vehículos,Volcadura,14012.17,26,Verde,0.06165226067233906,0,Bajo,0
SIN-0356,POL-0093,ASE-0037,Vehículos,Choque,7303.79,13,Verde,0.08285241238787203,0,Bajo,0
SIN-0357,POL-0232,ASE-0145,Vehículos,Volcadura,15587.86,19,Verde,0.12231963342834988,0,Bajo,0
SIN-0358,POL-0111,ASE-0161,Vehículos,Volcadura,14572.74,44,Amarillo,0.2618583320597756,0,Bajo,0
SIN-0359,POL-0110,ASE-0014,Vehículos,Robo,14346.1,28,Verde,0.09315249544053138,0,Bajo,0
SIN-0360,POL-0140,ASE-0043,Vehículos,Pérdida Total,39087.03,12,Verde,0.03132125703682628,0,Bajo,0
SIN-0361,POL-0270,ASE-0019,Vehículos,Volcadura,15852.92,13,Verde,0.11939372668706047,0,Bajo,0
SIN-0362,POL-0161,ASE-0017,Vida,Invalidez Parcial,7065.58,26,Verde,0.04385402078560843,0,Bajo,0
SIN-0363,POL-0109,ASE-0132,Vehículos,Robo,14253.37,97,Rojo,0.9799227420106417,1,Alto,1
SIN-0364,POL-0080,ASE-0150,Hogar,Terremoto,9495.91,56,Amarillo,0.34667432547550026,0,Medio,0
SIN-0365,POL-0184,ASE-0119,Generales,Responsabilidad Civil,13222.98,0,Verde,0.09736552396557652,0,Bajo,0
SIN-0366,POL-0219,ASE-0104,Vehículos,Robo Parcial,2307.04,44,Amarillo,0.22105086865932377,0,Bajo,0
SIN-0367,POL-0177,ASE-0115,Vehículos,Robo,35288.9,88,Rojo,0.9862971270102152,1,Alto,1
SIN-0368,POL-0060,ASE-0213,Vehículos,Robo,13656.42,30,Verde,0.08807326194201114,0,Bajo,0
SIN-0369,POL-0249,ASE-0173,Hogar,Robo Contenido,6931.11,26,Verde,0.10170350778033194,0,Bajo,0
SIN-0370,POL-0183,ASE-0088,Salud,Cirugía,9662.68,25,Verde,0.0989370244293168,0,Bajo,0
SIN-0371,POL-0014,ASE-0119,Vehículos,Choque,4131.62,5,Verde,0.0606732107607621,0,Bajo,0
SIN-0372,POL-0138,ASE-0051,Vehículos,Pérdida Total,18308.33,26,Verde,0.11110266905956533,0,Bajo,0
SIN-0373,POL-0277,ASE-0210,Generales,Daño Equipos,3230.69,5,Verde,0.08777839455287191,0,Bajo,0
SIN-0374,POL-0281,ASE-0231,Salud,Atención Médica,671.89,0,Verde,0.15818667682815218,0,Bajo,0
SIN-0375,POL-0144,ASE-0173,Vehículos,Robo Parcial,1936.96,0,Verde,0.10472691444350185,0,Bajo,0
SIN-0376,POL-0053,ASE-0013,Salud,Emergencia,619.38,26,Verde,0.06660761563296465,0,Bajo,0
SIN-0377,POL-0121,ASE-0227,Salud,Cirugía,9640.11,11,Verde,0.07432370729957014,0,Bajo,0
SIN-0378,POL-0092,ASE-0172,Vehículos,Robo,28107.28,87,Rojo,0.9873958356820001,1,Alto,1
SIN-0379,POL-0189,ASE-0010,Vehículos,Daño Parcial,1326.59,26,Verde,0.0731928665348994,0,Bajo,0
SIN-0380,POL-0225,ASE-0198,Generales,Robo Equipos,12171.89,26,Verde,0.07585890615081108,0,Bajo,0
SIN-0381,POL-0210,ASE-0247,Vehículos,Choque,6256.27,13,Verde,0.07249879654550268,0,Bajo,0
SIN-0382,POL-0054,ASE-0239,Salud,Cirugía,9749.61,0,Verde,0.041643350173841284,0,Bajo,0
SIN-0383,POL-0086,ASE-0023,Vehículos,Robo Parcial,724.57,33,Verde,0.1542502184950877,0,Bajo,0
SIN-0384,POL-0133,ASE-0107,Salud,Maternidad,3800.67,9,Verde,0.09224603734527363,0,Bajo,0
SIN-0385,POL-0258,ASE-0085,Vehículos,Robo,12469.75,5,Verde,0.13827090677558895,0,Bajo,0
SIN-0386,POL-0066,ASE-0158,Hogar,Terremoto,6908.55,76,Rojo,0.9198244358328751,1,Alto,1
SIN-0387,POL-0183,ASE-0088,Salud,Atención Médica,1686.95,10,Verde,0.06888533962123855,0,Bajo,0
SIN-0388,POL-0040,ASE-0094,Hogar,Robo Contenido,1074.83,26,Verde,0.07099966206151126,0,Bajo,0
SIN-0389,POL-0004,ASE-0231,Vehículos,Robo,21942.43,11,Verde,0.03965897290974338,0,Bajo,0
SIN-0390,POL-0157,ASE-0183,Salud,Hospitalización,1401.07,11,Verde,0.06998457552584099,0,Bajo,0
SIN-0391,POL-0228,ASE-0213,Vehículos,Responsabilidad Civil,9326.83,9,Verde,0.08896051245346147,0,Bajo,0
SIN-0392,POL-0055,ASE-0176,Vehículos,Responsabilidad Civil,4729.67,6,Verde,0.14324074677068604,0,Bajo,0
SIN-0393,POL-0028,ASE-0040,Vida,Fallecimiento,17288.57,11,Verde,0.03775969186839034,0,Bajo,0
SIN-0394,POL-0086,ASE-0023,Vida,Invalidez Parcial,7050.36,26,Verde,0.06464034220507715,0,Bajo,0
SIN-0395,POL-0090,ASE-0023,Vehículos,Choque,4509.82,26,Verde,0.05246955779865032,0,Bajo,0
SIN-0396,POL-0259,ASE-0057,Salud,Emergencia,899.74,13,Verde,0.1322207383824894,0,Bajo,0
SIN-0397,POL-0197,ASE-0220,Hogar,Terremoto,21359.59,0,Verde,0.0678919351172655,0,Bajo,0
SIN-0398,POL-0144,ASE-0173,Vehículos,Choque,4848.0,25,Verde,0.1315969687841385,0,Bajo,0
SIN-0399,POL-0297,ASE-0078,Hogar,Responsabilidad Civil,19136.06,11,Verde,0.07289675144033272,0,Bajo,0
SIN-0400,POL-0204,ASE-0090,Hogar,Daño por Agua,6222.97,26,Verde,0.04289370692125038,0,Bajo,0
SIN-0401,POL-0204,ASE-0090,Vehículos,Robo Parcial,4600.78,15,Verde,0.1076055538298061,0,Bajo,0
SIN-0402,POL-0125,ASE-0006,Vida,Invalidez Total,45396.77,43,Amarillo,0.25135876262125323,0,Bajo,0
SIN-0403,POL-0048,ASE-0159,Vehículos,Pérdida Total,13332.69,47,Amarillo,0.2250598684268742,0,Bajo,0
SIN-0404,POL-0149,ASE-0052,Vehículos,Responsabilidad Civil,16305.05,0,Verde,0.09675322137667797,0,Bajo,0
SIN-0405,POL-0276,ASE-0186,Salud,Hospitalización,5647.93,11,Verde,0.08851999250158098,0,Bajo,0
SIN-0406,POL-0193,ASE-0196,Vehículos,Choque,7745.66,26,Verde,0.03323856598130491,0,Bajo,0
SIN-0407,POL-0228,ASE-0213,Salud,Maternidad,2659.29,5,Verde,0.09465360039687559,0,Bajo,0
SIN-0408,POL-0276,ASE-0186,Vehículos,Choque,2024.3,0,Verde,0.08426797905748024,0,Bajo,0
SIN-0409,POL-0154,ASE-0128,Hogar,Terremoto,21497.17,31,Verde,0.24528178653188204,0,Bajo,0
SIN-0410,POL-0244,ASE-0118,Generales,Incendio Comercial,16169.45,45,Amarillo,0.1577693885487464,0,Bajo,0
SIN-0411,POL-0027,ASE-0198,Vehículos,Daño Parcial,1561.6,49,Amarillo,0.32567316622783443,0,Medio,0
SIN-0412,POL-0261,ASE-0021,Hogar,Terremoto,12803.53,13,Verde,0.05931830791254428,0,Bajo,0
SIN-0413,POL-0098,ASE-0044,Generales,Daño Equipos,3837.06,6,Verde,0.06275233766922557,0,Bajo,0
SIN-0414,POL-0162,ASE-0088,Salud,Atención Médica,2656.51,11,Verde,0.037216251858904446,0,Bajo,0
SIN-0415,POL-0244,ASE-0118,Generales,Responsabilidad Civil,32291.89,91,Rojo,0.9582912946880036,1,Alto,1
SIN-0416,POL-0032,ASE-0108,Vehículos,Robo Parcial,3504.35,56,Amarillo,0.28908224579188446,0,Bajo,0
SIN-0417,POL-0259,ASE-0057,Hogar,Responsabilidad Civil,14812.17,46,Amarillo,0.3742609993663833,0,Medio,0
SIN-0418,POL-0155,ASE-0222,Generales,Responsabilidad Civil,11357.34,27,Verde,0.1871789897243373,0,Bajo,0
SIN-0419,POL-0236,ASE-0005,Generales,Incendio Comercial,15020.23,11,Verde,0.09201729282608785,0,Bajo,0
SIN-0420,POL-0297,ASE-0078,Generales,Daño Equipos,3298.1,0,Verde,0.044642113334475785,0,Bajo,0
SIN-0421,POL-0187,ASE-0092,Salud,Atención Médica,465.2,44,Amarillo,0.30069419352871796,0,Medio,0
SIN-0422,POL-0203,ASE-0091,Salud,Atención Médica,2365.06,45,Amarillo,0.1872146701014476,0,Bajo,0
SIN-0423,POL-0096,ASE-0058,Vehículos,Volcadura,10206.03,89,Rojo,0.8601860063804468,1,Alto,1
SIN-0424,POL-0066,ASE-0158,Vehículos,Choque,2587.54,9,Verde,0.04196758387713035,0,Bajo,0
SIN-0425,POL-0074,ASE-0170,Salud,Atención Médica,2278.72,56,Amarillo,0.28654518663661616,0,Bajo,0
SIN-0426,POL-0177,ASE-0115,Vehículos,Pérdida Total,24804.85,10,Verde,0.06881110288259809,0,Bajo,0
SIN-0427,POL-0078,ASE-0127,Hogar,Responsabilidad Civil,6177.67,26,Verde,0.040339360959588094,0,Bajo,0
SIN-0428,POL-0096,ASE-0058,Vehículos,Volcadura,4279.82,100,Rojo,0.8702637829262698,1,Alto,1
SIN-0429,POL-0042,ASE-0084,Generales,Responsabilidad Civil,6139.02,94,Rojo,0.8332615606331943,1,Alto,1
SIN-0430,POL-0209,ASE-0142,Vehículos,Robo,42544.2,76,Rojo,0.9842109799839647,1,Alto,1
SIN-0431,POL-0111,ASE-0161,Salud,Atención Médica,1826.6,13,Verde,0.059635712319670305,0,Bajo,0
SIN-0432,POL-0132,ASE-0015,Salud,Atención Médica,1711.59,58,Amarillo,0.39226650967908555,0,Medio,0
SIN-0433,POL-0175,ASE-0188,Vehículos,Robo Parcial,3290.19,49,Amarillo,0.4165801869753132,0,Medio,0
SIN-0434,POL-0266,ASE-0075,Salud,Emergencia,1850.52,26,Verde,0.06302312196468304,0,Bajo,0
SIN-0435,POL-0001,ASE-0033,Salud,Hospitalización,5140.44,56,Amarillo,0.29195143787369376,0,Bajo,0
SIN-0436,POL-0243,ASE-0048,Vehículos,Robo Parcial,1425.99,11,Verde,0.08932961960860741,0,Bajo,0
SIN-0437,POL-0204,ASE-0090,Vehículos,Robo,27058.67,80,Rojo,0.9856334058272063,1,Alto,1
SIN-0438,POL-0141,ASE-0112,Salud,Atención Médica,290.25,16,Verde,0.07608013069003429,0,Bajo,0
SIN-0439,POL-0211,ASE-0204,Vehículos,Daño Parcial,1868.42,56,Amarillo,0.3069377755508304,0,Medio,0
SIN-0440,POL-0036,ASE-0059,Vehículos,Robo Parcial,4740.77,11,Verde,0.0898709232746017,0,Bajo,0
SIN-0441,POL-0162,ASE-0088,Vehículos,Responsabilidad Civil,2244.37,11,Verde,0.05154546521620332,0,Bajo,0
SIN-0442,POL-0139,ASE-0146,Hogar,Daño por Agua,17290.81,100,Rojo,0.8652712598108259,1,Alto,1
SIN-0443,POL-0212,ASE-0137,Vida,Enfermedades Graves,29470.47,5,Verde,0.17487468132685652,0,Bajo,0
SIN-0444,POL-0251,ASE-0216,Vehículos,Choque,35052.77,100,Rojo,0.5635127583100532,1,Medio,1
SIN-0445,POL-0005,ASE-0055,Vehículos,Robo,38930.29,76,Rojo,0.9493318090783671,1,Alto,1
SIN-0446,POL-0094,ASE-0119,Hogar,Responsabilidad Civil,15838.19,11,Verde,0.06685264333161102,0,Bajo,0
SIN-0447,POL-0297,ASE-0078,Vehículos,Choque,5241.82,11,Verde,0.05999834394189805,0,Bajo,0
SIN-0448,POL-0046,ASE-0207,Vida,Invalidez Total,20996.04,71,Amarillo,0.4271233693528645,0,Medio,0
SIN-0449,POL-0050,ASE-0229,Hogar,Daño por Agua,3775.87,11,Verde,0.044809124612663995,0,Bajo,0
SIN-0450,POL-0155,ASE-0222,Vida,Fallecimiento,16939.73,15,Verde,0.029442729936628623,0,Bajo,0
SIN-0451,POL-0179,ASE-0046,Vehículos,Daño Parcial,615.44,83,Rojo,0.9210938906528439,1,Alto,1
SIN-0452,POL-0018,ASE-0208,Vehículos,Robo,15135.72,25,Verde,0.04934128786221958,0,Bajo,0
SIN-0453,POL-0216,ASE-0075,Vehículos,Robo,23741.8,94,Rojo,0.917595541778339,1,Alto,1
SIN-0454,POL-0166,ASE-0102,Generales,Responsabilidad Civil,17411.61,11,Verde,0.03567618409368998,0,Bajo,0
SIN-0455,POL-0011,ASE-0204,Vehículos,Pérdida Total,28246.8,42,Amarillo,0.2062350879752179,0,Bajo,0
SIN-0456,POL-0172,ASE-0082,Vehículos,Pérdida Total,23552.38,92,Rojo,0.9581504145529331,1,Alto,1
SIN-0457,POL-0245,ASE-0122,Vehículos,Choque,3547.64,49,Amarillo,0.5029293330436472,1,Medio,0
SIN-0458,POL-0205,ASE-0250,Salud,Cirugía,13602.42,11,Verde,0.3974334297992458,0,Medio,1
SIN-0459,POL-0285,ASE-0038,Vehículos,Robo Parcial,2925.13,44,Amarillo,0.2184590303764355,0,Bajo,0
SIN-0460,POL-0259,ASE-0057,Salud,Cirugía,6991.34,41,Amarillo,0.2764492194874824,0,Bajo,0
SIN-0461,POL-0198,ASE-0248,Vehículos,Robo,41155.6,95,Rojo,0.9781998275908907,1,Alto,1
SIN-0462,POL-0149,ASE-0052,Vehículos,Choque,5519.82,26,Verde,0.061882355775736066,0,Bajo,0
SIN-0463,POL-0100,ASE-0145,Generales,Responsabilidad Civil,22070.16,87,Rojo,0.9546305453416797,1,Alto,1
SIN-0464,POL-0198,ASE-0248,Vehículos,Volcadura,17689.61,76,Rojo,0.9594874594451183,1,Alto,1
SIN-0465,POL-0208,ASE-0102,Vehículos,Choque,5326.02,56,Amarillo,0.35393055642225696,0,Medio,0
SIN-0466,POL-0249,ASE-0173,Salud,Emergencia,833.59,46,Amarillo,0.20325740993605368,0,Bajo,0
SIN-0467,POL-0043,ASE-0008,Vehículos,Robo,9682.51,18,Verde,0.04903925227755941,0,Bajo,0
SIN-0468,POL-0208,ASE-0102,Generales,Robo Equipos,4492.25,0,Verde,0.04061171312630618,0,Bajo,0
SIN-0469,POL-0216,ASE-0075,Vida,Enfermedades Graves,23929.33,0,Verde,0.08969352308738658,0,Bajo,1
SIN-0470,POL-0234,ASE-0152,Vida,Fallecimiento,20176.29,11,Verde,0.027329115079792077,0,Bajo,0
SIN-0471,POL-0170,ASE-0245,Salud,Maternidad,1154.86,84,Rojo,0.750271893002569,1,Alto,1
SIN-0472,POL-0207,ASE-0052,Vehículos,Pérdida Total,42130.23,13,Verde,0.09538888265430828,0,Bajo,0
SIN-0473,POL-0188,ASE-0007,Vehículos,Robo Parcial,1374.08,56,Amarillo,0.33483136181318535,0,Medio,0
SIN-0474,POL-0032,ASE-0108,Hogar,Robo Contenido,2950.36,26,Verde,0.08585156069510809,0,Bajo,0
SIN-0475,POL-0081,ASE-0200,Hogar,Responsabilidad Civil,4293.39,10,Verde,0.07661526318313512,0,Bajo,0
SIN-0476,POL-0171,ASE-0230,Hogar,Responsabilidad Civil,14590.0,11,Verde,0.06215869413697703,0,Bajo,0
SIN-0477,POL-0057,ASE-0026,Vehículos,Robo Parcial,2440.74,9,Verde,0.07774222210258182,0,Bajo,0
SIN-0478,POL-0162,ASE-0088,Vehículos,Responsabilidad Civil,18347.73,26,Verde,0.062246878016375955,0,Bajo,0
SIN-0479,POL-0240,ASE-0119,Vehículos,Pérdida Total,22277.79,49,Amarillo,0.5879514007822045,1,Medio,1
SIN-0480,POL-0185,ASE-0105,Generales,Incendio Comercial,15712.19,26,Verde,0.04881390408618299,0,Bajo,0
SIN-0481,POL-0043,ASE-0008,Vehículos,Volcadura,16644.96,10,Verde,0.34700279373981546,0,Medio,0
SIN-0482,POL-0158,ASE-0231,Salud,Atención Médica,1819.18,18,Verde,0.08775042334312926,0,Bajo,0
SIN-0483,POL-0106,ASE-0056,Generales,Robo Equipos,14886.29,26,Verde,0.06460498411644594,0,Bajo,0
SIN-0484,POL-0060,ASE-0213,Vehículos,Robo,8837.45,76,Rojo,0.8133206136086443,1,Alto,1
SIN-0485,POL-0107,ASE-0131,Vehículos,Responsabilidad Civil,18029.18,15,Verde,0.09462371751933805,0,Bajo,0
SIN-0486,POL-0289,ASE-0087,Generales,Daño Equipos,3171.8,83,Rojo,0.9395642748755464,1,Alto,1
SIN-0487,POL-0244,ASE-0118,Vehículos,Volcadura,17671.21,98,Rojo,0.9263372855662187,1,Alto,1
SIN-0488,POL-0253,ASE-0002,Vehículos,Pérdida Total,29271.05,14,Verde,0.11514892521365244,0,Bajo,0
SIN-0489,POL-0042,ASE-0084,Generales,Incendio Comercial,30494.03,6,Verde,0.12436327975377333,0,Bajo,0
SIN-0490,POL-0208,ASE-0102,Vehículos,Robo,16221.13,76,Rojo,0.9895092091804032,1,Alto,1
SIN-0491,POL-0119,ASE-0033,Vida,Invalidez Total,27307.44,71,Amarillo,0.25998887391625186,0,Bajo,0
SIN-0492,POL-0076,ASE-0118,Vehículos,Choque,1331.6,11,Verde,0.07558163414394031,0,Bajo,0
SIN-0493,POL-0075,ASE-0247,Hogar,Terremoto,21783.8,26,Verde,0.08601750428788922,0,Bajo,0
SIN-0494,POL-0296,ASE-0075,Vehículos,Robo,18994.44,19,Verde,0.04499362880047046,0,Bajo,0
SIN-0495,POL-0119,ASE-0033,Hogar,Robo Contenido,5367.22,26,Verde,0.039170991005788386,0,Bajo,0
SIN-0496,POL-0275,ASE-0058,Vehículos,Responsabilidad Civil,18939.03,11,Verde,0.11676106080390865,0,Bajo,0
SIN-0497,POL-0036,ASE-0059,Salud,Atención Médica,39374.38,88,Rojo,0.9398965175501688,1,Alto,1
SIN-0498,POL-0169,ASE-0099,Salud,Cirugía,6944.2,0,Verde,0.030945796045036042,0,Bajo,0
SIN-0499,POL-0019,ASE-0124,Vehículos,Choque,5954.26,26,Verde,0.13837483793573993,0,Bajo,0
SIN-0500,POL-0061,ASE-0174,Vehículos,Daño Parcial,789.0,59,Amarillo,0.5792749713688952,1,Medio,1
SIN-0501,POL-0109,ASE-0132,Salud,Maternidad,1608.48,26,Verde,0.027981167448885253,0,Bajo,0
SIN-0502,POL-0055,ASE-0176,Vehículos,Robo Parcial,4616.85,10,Verde,0.1129451595328242,0,Bajo,0
SIN-0503,POL-0077,ASE-0003,Vehículos,Volcadura,13096.02,24,Verde,0.08678744636609807,0,Bajo,0
SIN-0504,POL-0104,ASE-0012,Vehículos,Volcadura,7627.32,10,Verde,0.25890173805574634,0,Bajo,0
SIN-0505,POL-0015,ASE-0081,Vida,Fallecimiento,23803.55,26,Verde,0.05196080930394187,0,Bajo,0
SIN-0506,POL-0069,ASE-0247,Generales,Responsabilidad Civil,10204.98,44,Amarillo,0.2095141844243754,0,Bajo,0
SIN-0507,POL-0130,ASE-0159,Vehículos,Daño Parcial,1453.5,11,Verde,0.09166041679524549,0,Bajo,0
SIN-0508,POL-0003,ASE-0188,Vehículos,Responsabilidad Civil,19948.3,43,Amarillo,0.47082304373443334,0,Medio,0
SIN-0509,POL-0044,ASE-0244,Vehículos,Robo,42681.26,94,Rojo,0.7429338790443967,1,Alto,1
SIN-0510,POL-0069,ASE-0247,Hogar,Incendio,26189.12,71,Amarillo,0.5463584166356434,1,Medio,0
SIN-0511,POL-0153,ASE-0020,Hogar,Daño por Agua,2015.32,11,Verde,0.03944963248587338,0,Bajo,0
SIN-0512,POL-0124,ASE-0025,Hogar,Terremoto,9009.14,44,Amarillo,0.2348481838208736,0,Bajo,0
SIN-0513,POL-0286,ASE-0037,Salud,Emergencia,1472.96,26,Verde,0.06653675225331529,0,Bajo,0
SIN-0514,POL-0132,ASE-0015,Vehículos,Volcadura,9185.86,23,Verde,0.1256861960531412,0,Bajo,0
SIN-0515,POL-0016,ASE-0093,Vehículos,Robo Parcial,4368.44,57,Amarillo,0.36957419371949946,0,Medio,0
SIN-0516,POL-0266,ASE-0075,Hogar,Incendio,14545.62,5,Verde,0.09278920673646834,0,Bajo,0
SIN-0517,POL-0167,ASE-0062,Hogar,Responsabilidad Civil,15784.07,97,Rojo,0.982581334902832,1,Alto,1
SIN-0518,POL-0021,ASE-0179,Vehículos,Choque,7806.45,26,Verde,0.08165457332693266,0,Bajo,0
SIN-0519,POL-0111,ASE-0161,Vida,Invalidez Parcial,3037.83,5,Verde,0.04241257042523069,0,Bajo,0
SIN-0520,POL-0295,ASE-0190,Vehículos,Volcadura,7734.46,7,Verde,0.10385385997415109,0,Bajo,0
SIN-0521,POL-0199,ASE-0055,Salud,Atención Médica,1951.89,0,Verde,0.038124594757007885,0,Bajo,0
SIN-0522,POL-0202,ASE-0177,Hogar,Robo Contenido,3302.58,47,Amarillo,0.21797078083891028,0,Bajo,1
SIN-0523,POL-0237,ASE-0019,Vehículos,Robo,24393.32,26,Verde,0.08017505107284714,0,Bajo,0
SIN-0524,POL-0147,ASE-0038,Vehículos,Robo Parcial,4577.23,49,Amarillo,0.6155709800326025,1,Alto,1
SIN-0525,POL-0156,ASE-0173,Vehículos,Pérdida Total,11694.65,71,Amarillo,0.7652873494213672,1,Alto,1
SIN-0526,POL-0177,ASE-0115,Vehículos,Daño Parcial,3635.69,25,Verde,0.16036241164083667,0,Bajo,0
SIN-0527,POL-0298,ASE-0190,Salud,Hospitalización,5326.58,14,Verde,0.06549633445137917,0,Bajo,0
SIN-0528,POL-0205,ASE-0250,Hogar,Daño por Agua,3710.21,43,Amarillo,0.25262640823560994,0,Bajo,0
SIN-0529,POL-0169,ASE-0099,Vehículos,Daño Parcial,2451.6,11,Verde,0.04732296346479014,0,Bajo,0
SIN-0530,POL-0070,ASE-0102,Vehículos,Volcadura,15556.03,76,Rojo,0.8043422032623079,1,Alto,1
SIN-0531,POL-0013,ASE-0030,Vehículos,Daño Parcial,727.73,40,Verde,0.41729179600432487,0,Medio,0
SIN-0532,POL-0224,ASE-0125,Salud,Cirugía,10904.97,5,Verde,0.15788443212075687,0,Bajo,0
SIN-0533,POL-0159,ASE-0112,Vehículos,Robo,39201.29,26,Verde,0.06978293530286651,0,Bajo,0
SIN-0534,POL-0070,ASE-0102,Salud,Maternidad,2521.72,10,Verde,0.09057383839976058,0,Bajo,0
SIN-0535,POL-0120,ASE-0011,Vehículos,Choque,22426.11,87,Rojo,0.9666492336173934,1,Alto,1
SIN-0536,POL-0263,ASE-0095,Salud,Cirugía,8661.03,43,Amarillo,0.14256144953692845,0,Bajo,0
SIN-0537,POL-0280,ASE-0030,Vehículos,Robo,11085.08,9,Verde,0.041389076869475856,0,Bajo,0
SIN-0538,POL-0141,ASE-0112,Vehículos,Volcadura,4799.3,56,Amarillo,0.4435717818704403,0,Medio,0
SIN-0539,POL-0077,ASE-0003,Vehículos,Volcadura,8742.07,80,Rojo,0.9653279490426122,1,Alto,1
SIN-0540,POL-0177,ASE-0115,Vehículos,Daño Parcial,2637.79,11,Verde,0.045090761041801916,0,Bajo,0
SIN-0541,POL-0286,ASE-0037,Vehículos,Robo Parcial,3045.04,10,Verde,0.09790952280560171,0,Bajo,0
SIN-0542,POL-0005,ASE-0055,Hogar,Robo Contenido,2268.85,26,Verde,0.09642163925293623,0,Bajo,0
SIN-0543,POL-0068,ASE-0038,Vehículos,Volcadura,3065.43,83,Rojo,0.8915822311779742,1,Alto,1
SIN-0544,POL-0008,ASE-0134,Salud,Cirugía,14299.54,9,Verde,0.06301432984948399,0,Bajo,0
SIN-0545,POL-0159,ASE-0112,Hogar,Daño por Agua,6788.23,26,Verde,0.07933469385363032,0,Bajo,0
SIN-0546,POL-0067,ASE-0195,Vehículos,Responsabilidad Civil,15393.52,94,Rojo,0.7264337633576798,1,Alto,1
SIN-0547,POL-0041,ASE-0003,Vehículos,Robo,13192.23,56,Amarillo,0.39061851712361806,0,Medio,0
SIN-0548,POL-0139,ASE-0146,Salud,Maternidad,3913.87,26,Verde,0.37432494368490976,0,Medio,1
SIN-0549,POL-0201,ASE-0155,Vehículos,Daño Parcial,2132.87,26,Verde,0.09044073248184953,0,Bajo,0
SIN-0550,POL-0156,ASE-0173,Vehículos,Robo Parcial,26813.52,76,Rojo,0.9741924522772252,1,Alto,1
SIN-0551,POL-0300,ASE-0244,Vehículos,Volcadura,9523.3,49,Amarillo,0.397353309246136,0,Medio,0
SIN-0552,POL-0207,ASE-0052,Salud,Hospitalización,7452.46,26,Verde,0.08673469551653307,0,Bajo,0
SIN-0553,POL-0242,ASE-0229,Vida,Enfermedades Graves,6745.79,45,Amarillo,0.18705435538372406,0,Bajo,0
SIN-0554,POL-0276,ASE-0186,Vehículos,Responsabilidad Civil,3940.59,41,Amarillo,0.48421921212092406,0,Medio,1
SIN-0555,POL-0249,ASE-0173,Hogar,Daño por Agua,5664.71,11,Verde,0.04663197107561877,0,Bajo,0
SIN-0556,POL-0249,ASE-0173,Vida,Invalidez Parcial,6780.3,14,Verde,0.06368718713068668,0,Bajo,0
SIN-0557,POL-0148,ASE-0022,Vehículos,Choque,6488.16,44,Amarillo,0.27607957694766727,0,Bajo,0
SIN-0558,POL-0190,ASE-0187,Vehículos,Responsabilidad Civil,11350.62,46,Amarillo,0.2917364399177837,0,Bajo,0
SIN-0559,POL-0142,ASE-0066,Salud,Emergencia,35699.02,76,Rojo,0.7954673882992276,1,Alto,1
SIN-0560,POL-0063,ASE-0033,Vehículos,Choque,6820.56,71,Amarillo,0.6030329312251211,1,Alto,1
SIN-0561,POL-0010,ASE-0108,Vehículos,Choque,3967.7,0,Verde,0.08161930484274448,0,Bajo,0
SIN-0562,POL-0289,ASE-0087,Salud,Maternidad,942.74,11,Verde,0.07035483946375058,0,Bajo,0
SIN-0563,POL-0243,ASE-0048,Vida,Fallecimiento,19915.63,48,Amarillo,0.5713522062096854,1,Medio,1
SIN-0564,POL-0207,ASE-0052,Vehículos,Robo,37726.74,5,Verde,0.0907222634479316,0,Bajo,0
SIN-0565,POL-0256,ASE-0080,Salud,Maternidad,1259.21,26,Verde,0.07320891073331119,0,Bajo,0
SIN-0566,POL-0207,ASE-0052,Hogar,Incendio,21981.87,47,Amarillo,0.25365167364816915,0,Bajo,0
SIN-0567,POL-0199,ASE-0055,Salud,Atención Médica,668.9,11,Verde,0.11090116562744096,0,Bajo,0
SIN-0568,POL-0228,ASE-0213,Vehículos,Robo,32474.67,57,Amarillo,0.6926604309645383,1,Alto,1
SIN-0569,POL-0147,ASE-0038,Vehículos,Volcadura,5788.24,87,Rojo,0.9255084737046174,1,Alto,1
SIN-0570,POL-0264,ASE-0029,Salud,Emergencia,925.85,11,Verde,0.07398862379164908,0,Bajo,0
SIN-0571,POL-0279,ASE-0229,Generales,Responsabilidad Civil,2855.83,5,Verde,0.07782510354645836,0,Bajo,0
SIN-0572,POL-0278,ASE-0240,Vehículos,Robo,31248.65,83,Rojo,0.9614273790592699,1,Alto,1
SIN-0573,POL-0177,ASE-0115,Vehículos,Volcadura,16524.92,25,Verde,0.12261823570678908,0,Bajo,0
SIN-0574,POL-0001,ASE-0033,Vida,Invalidez Total,38967.48,26,Verde,0.07185474114681752,0,Bajo,0
SIN-0575,POL-0289,ASE-0087,Vehículos,Pérdida Total,18342.66,26,Verde,0.11304394491273863,0,Bajo,0
SIN-0576,POL-0188,ASE-0007,Vida,Enfermedades Graves,12210.76,26,Verde,0.07214679245787264,0,Bajo,0
SIN-0577,POL-0148,ASE-0022,Vida,Enfermedades Graves,32123.42,11,Verde,0.08407615721695968,0,Bajo,0
SIN-0578,POL-0084,ASE-0002,Vehículos,Volcadura,16158.39,57,Amarillo,0.5786790822809548,1,Medio,0
SIN-0579,POL-0079,ASE-0101,Generales,Incendio Comercial,12031.71,14,Verde,0.0680538797753024,0,Bajo,0
SIN-0580,POL-0064,ASE-0179,Salud,Maternidad,2081.24,26,Verde,0.05604483458535956,0,Bajo,0
SIN-0581,POL-0264,ASE-0029,Hogar,Responsabilidad Civil,17279.92,11,Verde,0.04326463655137254,0,Bajo,0
SIN-0582,POL-0156,ASE-0173,Vehículos,Volcadura,8321.97,97,Rojo,0.9651896263642956,1,Alto,1
SIN-0583,POL-0193,ASE-0196,Vehículos,Pérdida Total,12475.09,58,Amarillo,0.3558701254547289,0,Medio,1
SIN-0584,POL-0086,ASE-0023,Vehículos,Robo,39666.86,11,Verde,0.05777812996597173,0,Bajo,0
SIN-0585,POL-0054,ASE-0239,Salud,Emergencia,346.19,46,Amarillo,0.1922477683794704,0,Bajo,0
SIN-0586,POL-0066,ASE-0158,Salud,Hospitalización,4362.96,49,Amarillo,0.3317027834474168,0,Medio,0
SIN-0587,POL-0268,ASE-0112,Vehículos,Choque,7553.15,56,Amarillo,0.24842662899929993,0,Bajo,0
SIN-0588,POL-0058,ASE-0153,Vehículos,Volcadura,13075.03,16,Verde,0.1404834997166696,0,Bajo,0
SIN-0589,POL-0108,ASE-0085,Vehículos,Pérdida Total,34785.52,45,Amarillo,0.526991646106594,1,Medio,0
SIN-0590,POL-0215,ASE-0042,Vehículos,Daño Parcial,962.45,10,Verde,0.16008911276285664,0,Bajo,0
SIN-0591,POL-0210,ASE-0247,Salud,Emergencia,1273.99,24,Verde,0.11282498892101443,0,Bajo,0
SIN-0592,POL-0100,ASE-0145,Generales,Incendio Comercial,16658.25,0,Verde,0.09423958641842667,0,Bajo,0
SIN-0593,POL-0160,ASE-0099,Salud,Cirugía,14957.7,5,Verde,0.15089370789607595,0,Bajo,0
SIN-0594,POL-0110,ASE-0014,Vida,Fallecimiento,28817.13,26,Verde,0.05077502782745704,0,Bajo,0
SIN-0595,POL-0220,ASE-0087,Vehículos,Pérdida Total,38862.6,0,Verde,0.052953888614600576,0,Bajo,0
SIN-0596,POL-0225,ASE-0198,Vehículos,Responsabilidad Civil,16837.2,11,Verde,0.02855752322858321,0,Bajo,0
SIN-0597,POL-0207,ASE-0052,Vehículos,Responsabilidad Civil,1234.79,47,Amarillo,0.552540682260686,1,Medio,1
SIN-0598,POL-0215,ASE-0042,Vehículos,Robo,44905.99,29,Verde,0.16888284579851986,0,Bajo,0
SIN-0599,POL-0235,ASE-0207,Generales,Robo Equipos,4878.58,26,Verde,0.05568171895664276,0,Bajo,0
SIN-0600,POL-0170,ASE-0245,Vehículos,Volcadura,18141.76,49,Amarillo,0.7748623489043756,1,Alto,1
SIN-0601,POL-0083,ASE-0165,Salud,Emergencia,1483.18,26,Verde,0.0548431950913887,0,Bajo,0
SIN-0602,POL-0246,ASE-0240,Vehículos,Choque,2474.87,26,Verde,0.06669907475032014,0,Bajo,0
SIN-0603,POL-0228,ASE-0213,Vehículos,Volcadura,16435.99,10,Verde,0.35949285808457887,0,Medio,0
SIN-0604,POL-0063,ASE-0033,Hogar,Responsabilidad Civil,3672.34,49,Amarillo,0.6497741589772946,1,Alto,1
SIN-0605,POL-0199,ASE-0055,Generales,Responsabilidad Civil,5256.03,83,Rojo,0.8535118099285954,1,Alto,1
SIN-0606,POL-0293,ASE-0058,Vehículos,Responsabilidad Civil,11403.64,26,Verde,0.039558516856709934,0,Bajo,0
SIN-0607,POL-0106,ASE-0056,Vehículos,Robo,17556.63,56,Amarillo,0.6487918113292775,1,Alto,1
SIN-0608,POL-0205,ASE-0250,Salud,Maternidad,9549.67,92,Rojo,0.9344064888218426,1,Alto,1
SIN-0609,POL-0049,ASE-0069,Vehículos,Choque,2486.24,58,Amarillo,0.2940317917629151,0,Bajo,0
SIN-0610,POL-0214,ASE-0247,Vida,Invalidez Total,24600.63,0,Verde,0.10190236139434053,0,Bajo,0
SIN-0611,POL-0124,ASE-0025,Vehículos,Volcadura,22955.92,87,Rojo,0.9379933540100299,1,Alto,1
SIN-0612,POL-0148,ASE-0022,Vehículos,Robo Parcial,3054.63,28,Verde,0.12467121686097406,0,Bajo,0
SIN-0613,POL-0299,ASE-0139,Vehículos,Volcadura,8753.65,25,Verde,0.25689139704276465,0,Bajo,0
SIN-0614,POL-0267,ASE-0086,Vehículos,Volcadura,19375.51,10,Verde,0.19585431049532867,0,Bajo,0
SIN-0615,POL-0072,ASE-0012,Vehículos,Volcadura,15941.56,59,Amarillo,0.4646004903898165,0,Medio,0
SIN-0616,POL-0183,ASE-0088,Vehículos,Responsabilidad Civil,5548.77,97,Rojo,0.9212173046438997,1,Alto,1
SIN-0617,POL-0054,ASE-0239,Vehículos,Choque,4818.15,10,Verde,0.09289325475160264,0,Bajo,0
SIN-0618,POL-0062,ASE-0053,Salud,Hospitalización,5584.86,0,Verde,0.04381358173065082,0,Bajo,0
SIN-0619,POL-0061,ASE-0174,Salud,Maternidad,1253.63,12,Verde,0.1160166112594597,0,Bajo,0
SIN-0620,POL-0205,ASE-0250,Vehículos,Choque,2084.64,45,Amarillo,0.23394628158669892,0,Bajo,0
SIN-0621,POL-0127,ASE-0097,Salud,Maternidad,2870.79,56,Amarillo,0.7226363984110188,1,Alto,1
SIN-0622,POL-0154,ASE-0128,Salud,Hospitalización,3612.36,76,Rojo,0.7892581997286366,1,Alto,1
SIN-0623,POL-0220,ASE-0087,Vehículos,Robo,9392.65,0,Verde,0.04369380293897347,0,Bajo,0
SIN-0624,POL-0026,ASE-0052,Salud,Cirugía,11080.99,48,Amarillo,0.24347026501524277,0,Bajo,0
SIN-0625,POL-0184,ASE-0119,Vehículos,Robo,18411.07,97,Rojo,0.9744240241913217,1,Alto,1
SIN-0626,POL-0145,ASE-0227,Vehículos,Robo,43046.77,5,Verde,0.05004757765348256,0,Bajo,0
SIN-0627,POL-0299,ASE-0139,Vehículos,Volcadura,13205.99,47,Amarillo,0.35892558656668433,0,Medio,1
SIN-0628,POL-0034,ASE-0057,Salud,Atención Médica,2807.91,14,Verde,0.04245280726394156,0,Bajo,0
SIN-0629,POL-0097,ASE-0180,Hogar,Daño por Agua,1308.48,71,Amarillo,0.413074927989567,0,Medio,0
SIN-0630,POL-0082,ASE-0025,Vehículos,Pérdida Total,40973.85,10,Verde,0.09805444082287426,0,Bajo,0
SIN-0631,POL-0271,ASE-0238,Vehículos,Responsabilidad Civil,19042.44,56,Amarillo,0.3578073649087075,0,Medio,0
SIN-0632,POL-0296,ASE-0075,Hogar,Incendio,26517.94,11,Verde,0.05503032329643844,0,Bajo,0
SIN-0633,POL-0264,ASE-0029,Salud,Emergencia,484.49,26,Verde,0.10823206602490272,0,Bajo,0
SIN-0634,POL-0096,ASE-0058,Vehículos,Pérdida Total,32182.39,19,Verde,0.06934117965902642,0,Bajo,0
SIN-0635,POL-0271,ASE-0238,Generales,Incendio Comercial,8608.91,0,Verde,0.08075308444028144,0,Bajo,0
SIN-0636,POL-0236,ASE-0005,Vehículos,Pérdida Total,11023.78,96,Rojo,0.9695449934732607,1,Alto,1
SIN-0637,POL-0238,ASE-0170,Vehículos,Choque,941.98,47,Amarillo,0.1929809760071692,0,Bajo,0
SIN-0638,POL-0210,ASE-0247,Salud,Maternidad,1433.02,11,Verde,0.061642023866080205,0,Bajo,0
SIN-0639,POL-0247,ASE-0179,Vehículos,Robo Parcial,2993.83,26,Verde,0.061747146154825516,0,Bajo,0
SIN-0640,POL-0180,ASE-0069,Salud,Emergencia,1724.3,14,Verde,0.022972600188363182,0,Bajo,0
SIN-0641,POL-0101,ASE-0055,Vehículos,Daño Parcial,18915.2,94,Rojo,0.9662346177475248,1,Alto,1
SIN-0642,POL-0266,ASE-0075,Salud,Hospitalización,1294.64,11,Verde,0.09654265176047896,0,Bajo,0
SIN-0643,POL-0054,ASE-0239,Vehículos,Daño Parcial,860.74,56,Amarillo,0.2776945459101327,0,Bajo,0
SIN-0644,POL-0294,ASE-0228,Vehículos,Responsabilidad Civil,9297.32,89,Rojo,0.9342577978159555,1,Alto,1
SIN-0645,POL-0219,ASE-0104,Vida,Invalidez Parcial,16714.43,14,Verde,0.08414760196293125,0,Bajo,0
SIN-0646,POL-0069,ASE-0247,Hogar,Incendio,25107.76,26,Verde,0.43469483648041274,0,Medio,1
SIN-0647,POL-0139,ASE-0146,Vehículos,Robo,9725.18,5,Verde,0.054365369578725356,0,Bajo,0
SIN-0648,POL-0046,ASE-0207,Vehículos,Robo,40458.78,21,Verde,0.054751599824926556,0,Bajo,0
SIN-0649,POL-0119,ASE-0033,Vehículos,Robo Parcial,526.57,11,Verde,0.13661427414636543,0,Bajo,0
SIN-0650,POL-0137,ASE-0077,Vida,Enfermedades Graves,23470.54,11,Verde,0.10485673554065228,0,Bajo,0
SIN-0651,POL-0119,ASE-0033,Hogar,Incendio,21830.36,5,Verde,0.07433436691128088,0,Bajo,0
SIN-0652,POL-0210,ASE-0247,Vehículos,Volcadura,18925.61,7,Verde,0.13695368896386095,0,Bajo,0
SIN-0653,POL-0253,ASE-0002,Vehículos,Choque,769.34,41,Amarillo,0.1834819662318402,0,Bajo,0
SIN-0654,POL-0094,ASE-0119,Hogar,Responsabilidad Civil,6430.98,71,Amarillo,0.660140880845166,1,Alto,1
SIN-0655,POL-0249,ASE-0173,Vehículos,Robo,9155.51,92,Rojo,0.9565975340315467,1,Alto,1
SIN-0656,POL-0105,ASE-0061,Vehículos,Robo Parcial,3605.1,40,Verde,0.41454737849260676,0,Medio,0
SIN-0657,POL-0033,ASE-0112,Hogar,Robo Contenido,7943.02,14,Verde,0.0947791670698996,0,Bajo,0
SIN-0658,POL-0255,ASE-0128,Generales,Robo Equipos,9284.37,11,Verde,0.10806788406397462,0,Bajo,0
SIN-0659,POL-0098,ASE-0044,Vehículos,Daño Parcial,3355.06,0,Verde,0.048849788438427154,0,Bajo,0
SIN-0660,POL-0063,ASE-0033,Hogar,Incendio,7563.72,71,Amarillo,0.5304332204824377,1,Medio,0
SIN-0661,POL-0144,ASE-0173,Generales,Daño Equipos,4079.84,56,Amarillo,0.5085003007969767,1,Medio,0
SIN-0662,POL-0276,ASE-0186,Hogar,Daño por Agua,3772.83,26,Verde,0.14354733188501562,0,Bajo,0
SIN-0663,POL-0235,ASE-0207,Vehículos,Choque,9893.44,100,Rojo,0.9552711743311297,1,Alto,1
SIN-0664,POL-0026,ASE-0052,Salud,Emergencia,1671.49,56,Amarillo,0.208601407906852,0,Bajo,0
SIN-0665,POL-0216,ASE-0075,Salud,Maternidad,2980.03,47,Amarillo,0.27525662750314567,0,Bajo,0
SIN-0666,POL-0011,ASE-0204,Vida,Invalidez Parcial,10460.14,14,Verde,0.06437997245213267,0,Bajo,0
SIN-0667,POL-0086,ASE-0023,Vehículos,Robo Parcial,3650.3,15,Verde,0.047865397827597196,0,Bajo,0
SIN-0668,POL-0084,ASE-0002,Vehículos,Choque,6211.83,83,Rojo,0.7353916334706442,1,Alto,1
SIN-0669,POL-0041,ASE-0003,Salud,Maternidad,1895.17,25,Verde,0.10176616821896439,0,Bajo,0
SIN-0670,POL-0193,ASE-0196,Hogar,Daño por Agua,6577.8,11,Verde,0.013850664257502154,0,Bajo,0
SIN-0671,POL-0266,ASE-0075,Salud,Cirugía,11828.07,20,Verde,0.13447471212595008,0,Bajo,0
SIN-0672,POL-0029,ASE-0176,Vehículos,Daño Parcial,316.35,41,Amarillo,0.26734492560004264,0,Bajo,0
SIN-0673,POL-0241,ASE-0245,Vehículos,Pérdida Total,17432.54,25,Verde,0.12836929685672835,0,Bajo,0
SIN-0674,POL-0077,ASE-0003,Hogar,Robo Contenido,8800.63,11,Verde,0.07021696395159266,0,Bajo,0
SIN-0675,POL-0275,ASE-0058,Vehículos,Volcadura,28237.03,90,Rojo,0.9126224136734309,1,Alto,1
SIN-0676,POL-0174,ASE-0247,Vehículos,Robo Parcial,3036.5,21,Verde,0.06710323714461333,0,Bajo,0
SIN-0677,POL-0215,ASE-0042,Vehículos,Robo Parcial,4974.19,56,Amarillo,0.5276472942007797,1,Medio,0
SIN-0678,POL-0181,ASE-0029,Vehículos,Robo Parcial,2507.66,48,Amarillo,0.21842492738032246,0,Bajo,0
SIN-0679,POL-0155,ASE-0222,Hogar,Daño por Agua,3977.87,0,Verde,0.07084381563099655,0,Bajo,0
SIN-0680,POL-0072,ASE-0012,Vehículos,Choque,3027.61,26,Verde,0.060873404173441746,0,Bajo,0
SIN-0681,POL-0190,ASE-0187,Vehículos,Robo Parcial,843.6,26,Verde,0.09291908171614628,0,Bajo,0
SIN-0682,POL-0121,ASE-0227,Generales,Daño Equipos,7659.65,5,Verde,0.15236441138546156,0,Bajo,0
SIN-0683,POL-0126,ASE-0227,Vehículos,Robo,39807.67,76,Rojo,0.6499636829816778,1,Alto,1
SIN-0684,POL-0111,ASE-0161,Salud,Hospitalización,4994.92,16,Verde,0.031987298977402066,0,Bajo,0
SIN-0685,POL-0249,ASE-0173,Vehículos,Robo,11477.14,26,Verde,0.07310223606932256,0,Bajo,0
SIN-0686,POL-0254,ASE-0119,Vehículos,Robo,8863.56,5,Verde,0.08243978559337097,0,Bajo,0
SIN-0687,POL-0197,ASE-0220,Vehículos,Volcadura,77516.83,90,Rojo,0.8910110455777353,1,Alto,1
SIN-0688,POL-0015,ASE-0081,Generales,Responsabilidad Civil,3669.09,11,Verde,0.06330895436706738,0,Bajo,0
SIN-0689,POL-0261,ASE-0021,Vehículos,Pérdida Total,30616.5,48,Amarillo,0.3672152798708733,0,Medio,0
SIN-0690,POL-0143,ASE-0190,Salud,Atención Médica,519.59,71,Amarillo,0.6079435244659352,1,Alto,1
SIN-0691,POL-0146,ASE-0244,Generales,Incendio Comercial,37893.76,59,Amarillo,0.3470376279398778,0,Medio,0
SIN-0692,POL-0140,ASE-0043,Vehículos,Volcadura,16911.8,90,Rojo,0.9393729647364207,1,Alto,1
SIN-0693,POL-0259,ASE-0057,Generales,Robo Equipos,10206.7,42,Amarillo,0.5225292196295639,1,Medio,1
SIN-0694,POL-0010,ASE-0108,Salud,Hospitalización,3315.96,26,Verde,0.03999118072257076,0,Bajo,0
SIN-0695,POL-0010,ASE-0108,Vida,Invalidez Total,35821.22,56,Amarillo,0.19412330320012303,0,Bajo,0
SIN-0696,POL-0255,ASE-0128,Vehículos,Robo,32040.01,44,Amarillo,0.13708565761768376,0,Bajo,0
SIN-0697,POL-0243,ASE-0048,Salud,Emergencia,514.01,26,Verde,0.0596178402219055,0,Bajo,0
SIN-0698,POL-0230,ASE-0146,Vehículos,Volcadura,15604.36,92,Rojo,0.926999940387144,1,Alto,1
SIN-0699,POL-0042,ASE-0084,Vehículos,Daño Parcial,3210.14,5,Verde,0.05671942202920194,0,Bajo,0
SIN-0700,POL-0258,ASE-0085,Salud,Cirugía,11142.54,26,Verde,0.10929967968820434,0,Bajo,0
SIN-0701,POL-0158,ASE-0231,Salud,Cirugía,7220.51,10,Verde,0.23425705031913913,0,Bajo,0
SIN-0702,POL-0280,ASE-0030,Generales,Robo Equipos,6258.46,11,Verde,0.05046563568909261,0,Bajo,0
SIN-0703,POL-0284,ASE-0072,Vehículos,Responsabilidad Civil,8628.5,56,Amarillo,0.756802984621625,1,Alto,0
SIN-0704,POL-0298,ASE-0190,Vehículos,Robo,35207.51,5,Verde,0.04809687869957379,0,Bajo,0
SIN-0705,POL-0048,ASE-0159,Hogar,Terremoto,19175.3,96,Rojo,0.8329196092058636,1,Alto,1
SIN-0706,POL-0146,ASE-0244,Vehículos,Responsabilidad Civil,5304.75,10,Verde,0.13762253535982877,0,Bajo,0
SIN-0707,POL-0118,ASE-0034,Vehículos,Responsabilidad Civil,8172.62,0,Verde,0.0250142455469132,0,Bajo,0
SIN-0708,POL-0254,ASE-0119,Hogar,Robo Contenido,7674.97,0,Verde,0.04758671709486302,0,Bajo,0
SIN-0709,POL-0019,ASE-0124,Vehículos,Volcadura,10337.56,76,Rojo,0.9552551040980678,1,Alto,1
SIN-0710,POL-0073,ASE-0069,Vida,Invalidez Parcial,15684.17,26,Verde,0.10279361177438653,0,Bajo,0
SIN-0711,POL-0043,ASE-0008,Vehículos,Daño Parcial,1929.78,31,Verde,0.1603664402074399,0,Bajo,0
SIN-0712,POL-0213,ASE-0114,Salud,Maternidad,2333.43,71,Amarillo,0.46628874516844193,0,Medio,0
SIN-0713,POL-0217,ASE-0220,Salud,Hospitalización,25880.43,92,Rojo,0.9249689184763349,1,Alto,1
SIN-0714,POL-0272,ASE-0181,Hogar,Robo Contenido,1186.28,16,Verde,0.2024584793046171,0,Bajo,0
SIN-0715,POL-0016,ASE-0093,Vida,Invalidez Total,20187.58,0,Verde,0.0452390482536359,0,Bajo,0
SIN-0716,POL-0276,ASE-0186,Vehículos,Robo,32917.08,71,Amarillo,0.35967225747818754,0,Medio,0
SIN-0717,POL-0089,ASE-0203,Vida,Enfermedades Graves,5583.11,59,Amarillo,0.42860331692293185,0,Medio,0
SIN-0718,POL-0110,ASE-0014,Vehículos,Robo,35025.74,100,Rojo,0.9619260313155877,1,Alto,1
SIN-0719,POL-0255,ASE-0128,Hogar,Robo Contenido,6748.25,11,Verde,0.025167157102807657,0,Bajo,0
SIN-0720,POL-0133,ASE-0107,Hogar,Terremoto,10056.32,26,Verde,0.05665674594332051,0,Bajo,0
SIN-0721,POL-0280,ASE-0030,Vida,Enfermedades Graves,31905.48,12,Verde,0.08450238750836771,0,Bajo,0
SIN-0722,POL-0199,ASE-0055,Salud,Cirugía,13546.94,49,Amarillo,0.7003173814381906,1,Alto,1
SIN-0723,POL-0235,ASE-0207,Vida,Fallecimiento,12383.81,15,Verde,0.04156505564932905,0,Bajo,0
SIN-0724,POL-0134,ASE-0225,Salud,Hospitalización,4443.89,5,Verde,0.4358907091634996,0,Medio,1
SIN-0725,POL-0128,ASE-0192,Salud,Hospitalización,4578.23,11,Verde,0.09273723485377375,0,Bajo,0
SIN-0726,POL-0248,ASE-0198,Vehículos,Choque,4470.55,26,Verde,0.07541329450026649,0,Bajo,0
SIN-0727,POL-0111,ASE-0161,Vehículos,Pérdida Total,42585.73,10,Verde,0.1206366174379402,0,Bajo,0
SIN-0728,POL-0092,ASE-0172,Vehículos,Volcadura,6287.44,10,Verde,0.12461737406362713,0,Bajo,0
SIN-0729,POL-0211,ASE-0204,Vida,Fallecimiento,18966.33,15,Verde,0.07338793548442644,0,Bajo,0
SIN-0730,POL-0104,ASE-0012,Salud,Maternidad,1159.09,5,Verde,0.13032945103325017,0,Bajo,0
SIN-0731,POL-0179,ASE-0046,Vida,Invalidez Parcial,11934.9,71,Amarillo,0.48968933821058436,0,Medio,0
SIN-0732,POL-0079,ASE-0101,Vehículos,Responsabilidad Civil,2956.29,18,Verde,0.07629248242982511,0,Bajo,0
SIN-0733,POL-0216,ASE-0075,Generales,Daño Equipos,2983.87,11,Verde,0.08967966233631214,0,Bajo,0
SIN-0734,POL-0248,ASE-0198,Hogar,Responsabilidad Civil,12481.82,11,Verde,0.05889064279293042,0,Bajo,0
SIN-0735,POL-0257,ASE-0228,Vehículos,Choque,1531.03,71,Amarillo,0.4451413769751419,0,Medio,0
SIN-0736,POL-0126,ASE-0227,Salud,Emergencia,1432.72,17,Verde,0.0642065769742497,0,Bajo,0
SIN-0737,POL-0044,ASE-0244,Vehículos,Robo,24016.11,9,Verde,0.10939056128544047,0,Bajo,0
SIN-0738,POL-0028,ASE-0040,Hogar,Robo Contenido,6807.14,26,Verde,0.09060522145129628,0,Bajo,0
SIN-0739,POL-0124,ASE-0025,Vehículos,Choque,6923.87,0,Verde,0.04206921676537335,0,Bajo,0
SIN-0740,POL-0266,ASE-0075,Vehículos,Robo,27908.75,94,Rojo,0.9829922620194733,1,Alto,1
SIN-0741,POL-0214,ASE-0247,Vehículos,Responsabilidad Civil,10646.88,41,Amarillo,0.3615279037032915,0,Medio,0
SIN-0742,POL-0005,ASE-0055,Vehículos,Pérdida Total,43790.26,5,Verde,0.19122962570429752,0,Bajo,0
SIN-0743,POL-0257,ASE-0228,Vehículos,Robo Parcial,2982.55,5,Verde,0.0656508023853754,0,Bajo,0
SIN-0744,POL-0072,ASE-0012,Vehículos,Pérdida Total,18358.64,9,Verde,0.05922295273878534,0,Bajo,0
SIN-0745,POL-0253,ASE-0002,Vehículos,Volcadura,9981.39,14,Verde,0.22824983876905158,0,Bajo,0
SIN-0746,POL-0266,ASE-0075,Generales,Daño Equipos,3162.77,26,Verde,0.0985370811519643,0,Bajo,0
SIN-0747,POL-0092,ASE-0172,Hogar,Daño por Agua,1416.45,5,Verde,0.09294202162227246,0,Bajo,0
SIN-0748,POL-0046,ASE-0207,Hogar,Responsabilidad Civil,2273.71,10,Verde,0.09667596324075756,0,Bajo,0
SIN-0749,POL-0289,ASE-0087,Vida,Invalidez Total,41994.7,47,Amarillo,0.2996005606988735,0,Bajo,0
SIN-0750,POL-0249,ASE-0173,Vehículos,Daño Parcial,3975.69,71,Amarillo,0.42806145602690526,0,Medio,0
SIN-0751,POL-0282,ASE-0201,Vehículos,Pérdida Total,33579.82,5,Verde,0.07905571615602755,0,Bajo,0
SIN-0752,POL-0181,ASE-0029,Vehículos,Responsabilidad Civil,12595.18,71,Amarillo,0.4402635455397117,0,Medio,0
SIN-0753,POL-0201,ASE-0155,Vehículos,Pérdida Total,25254.39,23,Verde,0.16017353058512454,0,Bajo,0
SIN-0754,POL-0133,ASE-0107,Salud,Cirugía,13790.81,48,Amarillo,0.20222094361366522,0,Bajo,0
SIN-0755,POL-0075,ASE-0247,Vehículos,Daño Parcial,2137.32,0,Verde,0.06874709026298548,0,Bajo,0
SIN-0756,POL-0189,ASE-0010,Vehículos,Choque,5251.16,26,Verde,0.08470511154118031,0,Bajo,0
SIN-0757,POL-0215,ASE-0042,Salud,Maternidad,1889.34,0,Verde,0.06542377821793406,0,Bajo,0
SIN-0758,POL-0070,ASE-0102,Vehículos,Responsabilidad Civil,3448.28,11,Verde,0.058972280274137576,0,Bajo,0
SIN-0759,POL-0265,ASE-0110,Salud,Emergencia,374.54,71,Amarillo,0.29256378839302505,0,Bajo,0
SIN-0760,POL-0205,ASE-0250,Vehículos,Robo,33061.18,10,Verde,0.09875884575750488,0,Bajo,0
SIN-0761,POL-0134,ASE-0225,Vida,Invalidez Total,26490.59,25,Verde,0.19400815925017756,0,Bajo,0
SIN-0762,POL-0099,ASE-0134,Vehículos,Robo,28791.36,15,Verde,0.0864686641600318,0,Bajo,0
SIN-0763,POL-0275,ASE-0058,Hogar,Robo Contenido,3309.24,14,Verde,0.4058299794357589,0,Medio,1
SIN-0764,POL-0003,ASE-0188,Hogar,Robo Contenido,1820.54,26,Verde,0.10791290677342694,0,Bajo,0
SIN-0765,POL-0282,ASE-0201,Vida,Fallecimiento,28581.93,58,Amarillo,0.7040687814854732,1,Alto,1
SIN-0766,POL-0236,ASE-0005,Vida,Enfermedades Graves,28497.29,26,Verde,0.08276450411780747,0,Bajo,0
SIN-0767,POL-0246,ASE-0240,Generales,Robo Equipos,13035.99,11,Verde,0.060009964148354605,0,Bajo,0
SIN-0768,POL-0171,ASE-0230,Generales,Incendio Comercial,20841.26,0,Verde,0.06164765761558236,0,Bajo,0
SIN-0769,POL-0139,ASE-0146,Vehículos,Robo,11308.92,96,Rojo,0.9701442715414497,1,Alto,1
SIN-0770,POL-0273,ASE-0148,Generales,Robo Equipos,13283.76,56,Amarillo,0.2579910126476434,0,Bajo,0
SIN-0771,POL-0111,ASE-0161,Salud,Hospitalización,6621.14,26,Verde,0.04092123471650315,0,Bajo,0
SIN-0772,POL-0161,ASE-0017,Vehículos,Volcadura,12419.86,7,Verde,0.061408005081032765,0,Bajo,0
SIN-0773,POL-0261,ASE-0021,Vehículos,Robo,8805.33,11,Verde,0.024365495016158194,0,Bajo,0
SIN-0774,POL-0175,ASE-0188,Vehículos,Volcadura,15398.71,86,Rojo,0.957299596694011,1,Alto,1
SIN-0775,POL-0237,ASE-0019,Vehículos,Responsabilidad Civil,3163.56,56,Amarillo,0.24443517565276643,0,Bajo,0
SIN-0776,POL-0264,ASE-0029,Vehículos,Daño Parcial,3298.87,45,Amarillo,0.27404731815764644,0,Bajo,0
SIN-0777,POL-0108,ASE-0085,Vehículos,Responsabilidad Civil,19938.6,87,Rojo,0.9542087067182604,1,Alto,1
SIN-0778,POL-0255,ASE-0128,Vida,Invalidez Parcial,19540.56,20,Verde,0.06566642086102785,0,Bajo,0
SIN-0779,POL-0109,ASE-0132,Vehículos,Robo,20988.38,47,Amarillo,0.6341070760040821,1,Alto,1
SIN-0780,POL-0195,ASE-0090,Vehículos,Daño Parcial,2554.14,13,Verde,0.0940665026796817,0,Bajo,0
SIN-0781,POL-0063,ASE-0033,Vehículos,Responsabilidad Civil,1175.66,26,Verde,0.20146873865039427,0,Bajo,0
SIN-0782,POL-0065,ASE-0158,Vehículos,Responsabilidad Civil,2715.79,15,Verde,0.0643457723803386,0,Bajo,0
SIN-0783,POL-0098,ASE-0044,Vehículos,Robo,29474.02,40,Verde,0.2675197815910828,0,Bajo,0
SIN-0784,POL-0247,ASE-0179,Salud,Cirugía,14108.14,13,Verde,0.08366353818935927,0,Bajo,0
SIN-0785,POL-0165,ASE-0153,Vida,Fallecimiento,25626.31,76,Rojo,0.9536112473500418,1,Alto,1
SIN-0786,POL-0158,ASE-0231,Vehículos,Robo,12950.42,87,Rojo,0.9672463679065527,1,Alto,1
SIN-0787,POL-0125,ASE-0006,Vehículos,Robo,35419.99,76,Rojo,0.9755488769092061,1,Alto,1
SIN-0788,POL-0032,ASE-0108,Vehículos,Volcadura,8947.74,47,Amarillo,0.2581604947790742,0,Bajo,0
SIN-0789,POL-0095,ASE-0233,Vehículos,Choque,5500.79,16,Verde,0.06676646855255038,0,Bajo,0
SIN-0790,POL-0127,ASE-0097,Vida,Enfermedades Graves,7050.52,49,Amarillo,0.5285292827107576,1,Medio,0
SIN-0791,POL-0281,ASE-0231,Vehículos,Robo,13726.29,85,Rojo,0.9526573965126789,1,Alto,1
SIN-0792,POL-0008,ASE-0134,Vehículos,Pérdida Total,40974.17,25,Verde,0.09941254400389442,0,Bajo,0
SIN-0793,POL-0127,ASE-0097,Vida,Invalidez Parcial,19933.34,11,Verde,0.07227233756810209,0,Bajo,0
SIN-0794,POL-0262,ASE-0146,Salud,Hospitalización,7192.47,12,Verde,0.047468893969002786,0,Bajo,0
SIN-0795,POL-0096,ASE-0058,Generales,Responsabilidad Civil,15871.13,43,Amarillo,0.15054413203117958,0,Bajo,0
SIN-0796,POL-0276,ASE-0186,Vehículos,Choque,6038.27,0,Verde,0.08769473736173103,0,Bajo,0
SIN-0797,POL-0177,ASE-0115,Vehículos,Robo Parcial,4349.67,13,Verde,0.10311001364529629,0,Bajo,0
SIN-0798,POL-0270,ASE-0019,Salud,Hospitalización,2326.93,0,Verde,0.03358617507660139,0,Bajo,0
SIN-0799,POL-0088,ASE-0237,Hogar,Responsabilidad Civil,6276.96,0,Verde,0.10811100598319205,0,Bajo,0
SIN-0800,POL-0296,ASE-0075,Generales,Responsabilidad Civil,15259.39,5,Verde,0.09775190291277477,0,Bajo,0
SIN-0801,POL-0101,ASE-0055,Vehículos,Volcadura,17167.93,95,Rojo,0.9103969948576921,1,Alto,1
SIN-0802,POL-0111,ASE-0161,Vehículos,Robo Parcial,3546.53,29,Verde,0.06858096382972005,0,Bajo,0
SIN-0803,POL-0067,ASE-0195,Vehículos,Daño Parcial,603.53,0,Verde,0.4682057909917251,0,Medio,1
SIN-0804,POL-0057,ASE-0026,Vehículos,Choque,3344.8,19,Verde,0.05295182019144195,0,Bajo,0
SIN-0805,POL-0059,ASE-0173,Hogar,Incendio,27544.69,45,Amarillo,0.40984662406961037,0,Medio,0
SIN-0806,POL-0237,ASE-0019,Salud,Maternidad,1149.95,48,Amarillo,0.23426979609508072,0,Bajo,0
SIN-0807,POL-0114,ASE-0192,Salud,Hospitalización,2480.35,26,Verde,0.08926047039839269,0,Bajo,0
SIN-0808,POL-0252,ASE-0073,Salud,Atención Médica,28341.87,76,Rojo,0.8784204755980148,1,Alto,1
SIN-0809,POL-0090,ASE-0023,Salud,Maternidad,842.18,57,Amarillo,0.23962155256552492,0,Bajo,0
SIN-0810,POL-0063,ASE-0033,Vida,Enfermedades Graves,27263.97,5,Verde,0.13002376063645107,0,Bajo,0
SIN-0811,POL-0234,ASE-0152,Vida,Fallecimiento,23686.43,11,Verde,0.04646789020127267,0,Bajo,0
SIN-0812,POL-0178,ASE-0054,Hogar,Responsabilidad Civil,5781.83,0,Verde,0.029060286222795564,0,Bajo,0
SIN-0813,POL-0209,ASE-0142,Vehículos,Volcadura,7077.71,10,Verde,0.10142374985369752,0,Bajo,0
SIN-0814,POL-0170,ASE-0245,Vehículos,Daño Parcial,3987.11,22,Verde,0.08107246509003073,0,Bajo,0
SIN-0815,POL-0227,ASE-0015,Hogar,Terremoto,39140.53,87,Rojo,0.9822997172507888,1,Alto,1
SIN-0816,POL-0156,ASE-0173,Vida,Invalidez Parcial,5285.26,56,Amarillo,0.7337660918007458,1,Alto,1
SIN-0817,POL-0074,ASE-0170,Salud,Maternidad,1596.57,6,Verde,0.08541468872771985,0,Bajo,0
SIN-0818,POL-0047,ASE-0176,Salud,Atención Médica,2224.84,31,Verde,0.12213527362674964,0,Bajo,0
SIN-0819,POL-0195,ASE-0090,Vehículos,Daño Parcial,3311.31,56,Amarillo,0.516131915779748,1,Medio,1
SIN-0820,POL-0162,ASE-0088,Vehículos,Responsabilidad Civil,19517.8,56,Amarillo,0.3919127667180517,0,Medio,0
SIN-0821,POL-0166,ASE-0102,Generales,Responsabilidad Civil,5931.34,42,Amarillo,0.2168992998237394,0,Bajo,1
SIN-0822,POL-0268,ASE-0112,Vehículos,Daño Parcial,3630.83,12,Verde,0.050859751152263245,0,Bajo,0
SIN-0823,POL-0027,ASE-0198,Vehículos,Responsabilidad Civil,18419.5,11,Verde,0.045912040046580636,0,Bajo,0
SIN-0824,POL-0255,ASE-0128,Vehículos,Volcadura,6968.42,10,Verde,0.08237490978067587,0,Bajo,0
SIN-0825,POL-0224,ASE-0125,Hogar,Incendio,23505.8,49,Amarillo,0.583997082578726,1,Medio,1
SIN-0826,POL-0035,ASE-0129,Vehículos,Pérdida Total,40713.52,0,Verde,0.039721315879269914,0,Bajo,0
SIN-0827,POL-0164,ASE-0079,Salud,Hospitalización,1067.69,13,Verde,0.12380273839752891,0,Bajo,0
SIN-0828,POL-0248,ASE-0198,Vehículos,Robo,27129.46,85,Rojo,0.9811850337674756,1,Alto,1
SIN-0829,POL-0199,ASE-0055,Vehículos,Volcadura,13312.02,45,Amarillo,0.70762993856874,1,Alto,1
SIN-0830,POL-0227,ASE-0015,Generales,Responsabilidad Civil,12726.47,0,Verde,0.06495570899418922,0,Bajo,0
SIN-0831,POL-0087,ASE-0238,Vehículos,Responsabilidad Civil,17038.86,0,Verde,0.09306074316486145,0,Bajo,0
SIN-0832,POL-0033,ASE-0112,Salud,Emergencia,32869.12,97,Rojo,0.9672120314609998,1,Alto,1
SIN-0833,POL-0001,ASE-0033,Salud,Maternidad,2513.75,0,Verde,0.11482899423956798,0,Bajo,0
SIN-0834,POL-0034,ASE-0057,Salud,Hospitalización,6725.79,0,Verde,0.06952024978186067,0,Bajo,0
SIN-0835,POL-0160,ASE-0099,Vehículos,Choque,7499.67,89,Rojo,0.7555703177573139,1,Alto,1
SIN-0836,POL-0231,ASE-0095,Salud,Maternidad,3466.82,0,Verde,0.04837013462009558,0,Bajo,0
SIN-0837,POL-0111,ASE-0161,Vehículos,Responsabilidad Civil,3832.78,26,Verde,0.06942553776338455,0,Bajo,0
SIN-0838,POL-0293,ASE-0058,Vehículos,Responsabilidad Civil,14718.83,26,Verde,0.04556454560764833,0,Bajo,0
SIN-0839,POL-0284,ASE-0072,Vehículos,Robo,43735.03,47,Amarillo,0.257426715396513,0,Bajo,0
SIN-0840,POL-0270,ASE-0019,Vehículos,Daño Parcial,437.05,45,Amarillo,0.256022529111334,0,Bajo,0
SIN-0841,POL-0206,ASE-0202,Vida,Fallecimiento,18216.63,0,Verde,0.03701923205360673,0,Bajo,0
SIN-0842,POL-0082,ASE-0025,Salud,Cirugía,6272.09,44,Amarillo,0.3135623436005919,0,Medio,0
SIN-0843,POL-0262,ASE-0146,Vehículos,Volcadura,14043.73,10,Verde,0.08308077105021246,0,Bajo,0
SIN-0844,POL-0174,ASE-0247,Hogar,Terremoto,9463.45,5,Verde,0.12043751260719801,0,Bajo,0
SIN-0845,POL-0252,ASE-0073,Vehículos,Volcadura,8060.29,10,Verde,0.08140153229339642,0,Bajo,0
SIN-0846,POL-0062,ASE-0053,Vehículos,Robo Parcial,3708.24,25,Verde,0.1642898946987289,0,Bajo,0
SIN-0847,POL-0082,ASE-0025,Vehículos,Robo,22838.99,5,Verde,0.09282862947357941,0,Bajo,0
SIN-0848,POL-0045,ASE-0100,Vehículos,Volcadura,14728.88,10,Verde,0.19115529551318025,0,Bajo,0
SIN-0849,POL-0167,ASE-0062,Vehículos,Daño Parcial,3112.87,13,Verde,0.03425216312776922,0,Bajo,0
SIN-0850,POL-0073,ASE-0069,Salud,Cirugía,3944.95,57,Amarillo,0.2918545717222034,0,Bajo,0
SIN-0851,POL-0069,ASE-0247,Vehículos,Volcadura,11796.22,83,Rojo,0.9465534348268804,1,Alto,1
SIN-0852,POL-0297,ASE-0078,Vehículos,Robo,27866.93,10,Verde,0.1874846009403257,0,Bajo,0
SIN-0853,POL-0190,ASE-0187,Vehículos,Robo Parcial,3230.02,9,Verde,0.11765004045070486,0,Bajo,0
SIN-0854,POL-0187,ASE-0092,Vehículos,Volcadura,18011.48,86,Rojo,0.9470765860671374,1,Alto,1
SIN-0855,POL-0194,ASE-0043,Salud,Cirugía,8496.39,11,Verde,0.07280422302677883,0,Bajo,0
SIN-0856,POL-0215,ASE-0042,Vehículos,Choque,54368.36,87,Rojo,0.9323247146132365,1,Alto,1
SIN-0857,POL-0272,ASE-0181,Vida,Enfermedades Graves,10636.16,5,Verde,0.40952835182481356,0,Medio,1
SIN-0858,POL-0157,ASE-0183,Vehículos,Volcadura,14406.52,10,Verde,0.11752312740999946,0,Bajo,0
SIN-0859,POL-0179,ASE-0046,Salud,Cirugía,7597.97,49,Amarillo,0.24080055541708664,0,Bajo,0
SIN-0860,POL-0001,ASE-0033,Vehículos,Responsabilidad Civil,12296.03,26,Verde,0.09207919642887533,0,Bajo,0
SIN-0861,POL-0178,ASE-0054,Generales,Daño Equipos,3862.81,26,Verde,0.04339694334691659,0,Bajo,0
SIN-0862,POL-0176,ASE-0043,Hogar,Terremoto,18370.28,5,Verde,0.12480089004023495,0,Bajo,0
SIN-0863,POL-0279,ASE-0229,Vehículos,Robo Parcial,3476.08,56,Amarillo,0.23259963837963313,0,Bajo,0
SIN-0864,POL-0130,ASE-0159,Vehículos,Daño Parcial,3119.8,10,Verde,0.04116931284516516,0,Bajo,0
SIN-0865,POL-0113,ASE-0168,Vehículos,Pérdida Total,44206.43,90,Rojo,0.9354301251707418,1,Alto,1
SIN-0866,POL-0277,ASE-0210,Vehículos,Robo,34348.33,76,Rojo,0.9733557835769375,1,Alto,1
SIN-0867,POL-0293,ASE-0058,Vehículos,Responsabilidad Civil,8178.84,20,Verde,0.07097365829256339,0,Bajo,0
SIN-0868,POL-0197,ASE-0220,Vehículos,Robo Parcial,2989.84,16,Verde,0.1084782266921866,0,Bajo,0
SIN-0869,POL-0074,ASE-0170,Vehículos,Pérdida Total,15339.02,10,Verde,0.13135360779230912,0,Bajo,0
SIN-0870,POL-0050,ASE-0229,Hogar,Responsabilidad Civil,11473.43,11,Verde,0.050726071479136575,0,Bajo,0
SIN-0871,POL-0275,ASE-0058,Hogar,Terremoto,15157.57,0,Verde,0.11640672084630194,0,Bajo,0
SIN-0872,POL-0185,ASE-0105,Vehículos,Pérdida Total,12220.25,56,Amarillo,0.2040006096423169,0,Bajo,0
SIN-0873,POL-0178,ASE-0054,Hogar,Daño por Agua,3839.91,26,Verde,0.04218810490224998,0,Bajo,0
SIN-0874,POL-0088,ASE-0237,Generales,Robo Equipos,14998.93,56,Amarillo,0.5812072346131376,1,Medio,1
SIN-0875,POL-0036,ASE-0059,Salud,Maternidad,2821.68,26,Verde,0.07359231457279072,0,Bajo,0
SIN-0876,POL-0187,ASE-0092,Generales,Daño Equipos,2910.02,91,Rojo,0.8956480370762655,1,Alto,1
SIN-0877,POL-0134,ASE-0225,Vehículos,Robo,5644.54,90,Rojo,0.9807444205601114,1,Alto,1
SIN-0878,POL-0007,ASE-0185,Vehículos,Choque,5477.09,23,Verde,0.10567211037979884,0,Bajo,0
SIN-0879,POL-0228,ASE-0213,Vehículos,Choque,745.23,49,Amarillo,0.3200687943547009,0,Medio,1
SIN-0880,POL-0035,ASE-0129,Hogar,Daño por Agua,6378.16,71,Amarillo,0.575743134479684,1,Medio,0
SIN-0881,POL-0257,ASE-0228,Vehículos,Responsabilidad Civil,2675.5,5,Verde,0.05998444591447085,0,Bajo,0
SIN-0882,POL-0300,ASE-0244,Vehículos,Pérdida Total,19659.77,46,Amarillo,0.5605185866202003,1,Medio,1
SIN-0883,POL-0023,ASE-0220,Vehículos,Pérdida Total,14308.79,48,Amarillo,0.27319968131356454,0,Bajo,0
SIN-0884,POL-0153,ASE-0020,Salud,Emergencia,586.93,11,Verde,0.11009884732762147,0,Bajo,0
SIN-0885,POL-0250,ASE-0032,Vehículos,Daño Parcial,883.31,0,Verde,0.08000570909050696,0,Bajo,0
SIN-0886,POL-0276,ASE-0186,Vehículos,Robo,25770.07,48,Amarillo,0.35345947926346866,0,Medio,0
SIN-0887,POL-0070,ASE-0102,Vehículos,Robo Parcial,3874.57,71,Amarillo,0.5986173506355045,1,Medio,0
SIN-0888,POL-0042,ASE-0084,Vehículos,Volcadura,6365.88,87,Rojo,0.9015980416709735,1,Alto,1
SIN-0889,POL-0171,ASE-0230,Hogar,Incendio,26797.84,14,Verde,0.04795196807902208,0,Bajo,0
SIN-0890,POL-0230,ASE-0146,Salud,Cirugía,13953.28,26,Verde,0.05323227375936588,0,Bajo,0
SIN-0891,POL-0096,ASE-0058,Vehículos,Robo Parcial,3076.64,16,Verde,0.04628653431426656,0,Bajo,0
SIN-0892,POL-0298,ASE-0190,Vehículos,Responsabilidad Civil,14287.75,31,Verde,0.40439444946723896,0,Medio,1
SIN-0893,POL-0048,ASE-0159,Vehículos,Robo Parcial,1421.34,5,Verde,0.16180950627520038,0,Bajo,0
SIN-0894,POL-0154,ASE-0128,Vehículos,Volcadura,6943.61,25,Verde,0.12733419343086366,0,Bajo,0
SIN-0895,POL-0021,ASE-0179,Hogar,Incendio,18382.88,26,Verde,0.07710845336361778,0,Bajo,0
SIN-0896,POL-0267,ASE-0086,Salud,Maternidad,1096.73,26,Verde,0.15967511813317825,0,Bajo,0
SIN-0897,POL-0255,ASE-0128,Vehículos,Daño Parcial,540.88,0,Verde,0.10978722105028042,0,Bajo,0
SIN-0898,POL-0170,ASE-0245,Vehículos,Responsabilidad Civil,8785.57,10,Verde,0.06271283793394454,0,Bajo,0
SIN-0899,POL-0100,ASE-0145,Vehículos,Responsabilidad Civil,3024.31,9,Verde,0.1061815919535029,0,Bajo,1
SIN-0900,POL-0083,ASE-0165,Salud,Hospitalización,7478.97,11,Verde,0.07071992273025007,0,Bajo,0
SIN-0901,POL-0186,ASE-0016,Generales,Responsabilidad Civil,3185.42,0,Verde,0.07927450011322783,0,Bajo,0
SIN-0902,POL-0093,ASE-0037,Vehículos,Robo Parcial,4497.76,16,Verde,0.10504903307029691,0,Bajo,0
SIN-0903,POL-0130,ASE-0159,Salud,Emergencia,1641.78,11,Verde,0.04038835473852816,0,Bajo,0
SIN-0904,POL-0022,ASE-0134,Generales,Daño Equipos,3531.11,76,Rojo,0.7001362643128921,1,Alto,1
SIN-0905,POL-0149,ASE-0052,Vehículos,Daño Parcial,332.22,5,Verde,0.0956385488291087,0,Bajo,0
SIN-0906,POL-0038,ASE-0086,Vehículos,Pérdida Total,43809.94,56,Amarillo,0.4035246880374595,0,Medio,1
SIN-0907,POL-0073,ASE-0069,Vida,Fallecimiento,15180.55,11,Verde,0.057652195074557204,0,Bajo,0
SIN-0908,POL-0079,ASE-0101,Hogar,Daño por Agua,4028.82,26,Verde,0.07207636635265484,0,Bajo,0
SIN-0909,POL-0235,ASE-0207,Vehículos,Robo,43557.32,11,Verde,0.060337337535104424,0,Bajo,0
SIN-0910,POL-0291,ASE-0056,Vehículos,Choque,3628.84,6,Verde,0.10472634272422511,0,Bajo,0
SIN-0911,POL-0052,ASE-0003,Vehículos,Volcadura,14030.55,56,Amarillo,0.6842884765820224,1,Alto,1
SIN-0912,POL-0026,ASE-0052,Vida,Fallecimiento,15757.17,46,Amarillo,0.22671369953500098,0,Bajo,0
SIN-0913,POL-0056,ASE-0087,Vehículos,Choque,3715.07,32,Verde,0.12896081241324014,0,Bajo,0
SIN-0914,POL-0125,ASE-0006,Vida,Enfermedades Graves,30506.6,0,Verde,0.10804740002136615,0,Bajo,0
SIN-0915,POL-0185,ASE-0105,Vehículos,Volcadura,3300.1,20,Verde,0.09293263286941957,0,Bajo,0
SIN-0916,POL-0294,ASE-0228,Salud,Hospitalización,6291.99,58,Amarillo,0.3980394814892812,0,Medio,0
SIN-0917,POL-0050,ASE-0229,Vehículos,Pérdida Total,17523.61,17,Verde,0.12375968191509176,0,Bajo,0
SIN-0918,POL-0094,ASE-0119,Generales,Responsabilidad Civil,3020.78,26,Verde,0.07994041227126054,0,Bajo,0
SIN-0919,POL-0286,ASE-0037,Generales,Responsabilidad Civil,10704.9,12,Verde,0.06245674765378261,0,Bajo,0
SIN-0920,POL-0031,ASE-0196,Vehículos,Daño Parcial,1971.24,5,Verde,0.06620764311512659,0,Bajo,0
SIN-0921,POL-0223,ASE-0176,Vehículos,Volcadura,19893.19,88,Rojo,0.9135095112017025,1,Alto,1
SIN-0922,POL-0176,ASE-0043,Vida,Invalidez Total,42733.43,0,Verde,0.07146342501208244,0,Bajo,0
SIN-0923,POL-0038,ASE-0086,Generales,Daño Equipos,874.39,71,Amarillo,0.47543719755343894,0,Medio,0
SIN-0924,POL-0075,ASE-0247,Vehículos,Robo Parcial,3222.18,76,Rojo,0.9401679502521278,1,Alto,1
SIN-0925,POL-0096,ASE-0058,Hogar,Responsabilidad Civil,12188.3,0,Verde,0.05634524074589445,0,Bajo,0
SIN-0926,POL-0236,ASE-0005,Vehículos,Daño Parcial,2687.99,11,Verde,0.05565317993328059,0,Bajo,0
SIN-0927,POL-0084,ASE-0002,Vehículos,Robo,33021.95,21,Verde,0.14313310365487872,0,Bajo,0
SIN-0928,POL-0089,ASE-0203,Vehículos,Volcadura,6281.02,96,Rojo,0.9363098320061363,1,Alto,1
SIN-0929,POL-0071,ASE-0016,Vehículos,Robo Parcial,2111.46,83,Rojo,0.880249726322972,1,Alto,1
SIN-0930,POL-0231,ASE-0095,Vehículos,Volcadura,5996.43,27,Verde,0.10127780123681271,0,Bajo,0
SIN-0931,POL-0258,ASE-0085,Vehículos,Robo,33003.84,26,Verde,0.09702926843438155,0,Bajo,0
SIN-0932,POL-0232,ASE-0145,Vehículos,Daño Parcial,2907.97,21,Verde,0.05122191505896785,0,Bajo,0
SIN-0933,POL-0186,ASE-0016,Vehículos,Volcadura,13610.94,10,Verde,0.4428370217960048,0,Medio,1
SIN-0934,POL-0230,ASE-0146,Vida,Invalidez Total,33468.46,13,Verde,0.0711663267253389,0,Bajo,0
SIN-0935,POL-0238,ASE-0170,Vida,Invalidez Parcial,16743.95,0,Verde,0.06331797584737087,0,Bajo,0
SIN-0936,POL-0232,ASE-0145,Salud,Maternidad,3167.58,15,Verde,0.04631794434137637,0,Bajo,0
SIN-0937,POL-0164,ASE-0079,Vida,Fallecimiento,17466.77,11,Verde,0.18612361114875145,0,Bajo,0
SIN-0938,POL-0246,ASE-0240,Vehículos,Pérdida Total,26402.53,41,Amarillo,0.40777622806520364,0,Medio,0
SIN-0939,POL-0038,ASE-0086,Salud,Hospitalización,5098.43,26,Verde,0.04518172322612161,0,Bajo,0
SIN-0940,POL-0022,ASE-0134,Vida,Invalidez Total,16224.79,58,Amarillo,0.30746452719395134,0,Medio,0
SIN-0941,POL-0120,ASE-0011,Vehículos,Choque,23073.14,96,Rojo,0.8450442626195576,1,Alto,1
SIN-0942,POL-0001,ASE-0033,Salud,Maternidad,1163.48,41,Amarillo,0.5331433537063852,1,Medio,1
SIN-0943,POL-0161,ASE-0017,Vida,Invalidez Parcial,11253.95,26,Verde,0.06962979205820388,0,Bajo,0
SIN-0944,POL-0035,ASE-0129,Vehículos,Robo Parcial,2278.13,26,Verde,0.06355904326686072,0,Bajo,0
SIN-0945,POL-0241,ASE-0245,Hogar,Daño por Agua,1015.33,71,Amarillo,0.6005907942995017,1,Alto,1
SIN-0946,POL-0031,ASE-0196,Vida,Fallecimiento,10510.96,19,Verde,0.06822124580052019,0,Bajo,0
SIN-0947,POL-0027,ASE-0198,Salud,Atención Médica,33601.49,80,Rojo,0.9691837378440128,1,Alto,1
SIN-0948,POL-0126,ASE-0227,Vehículos,Daño Parcial,2507.61,39,Verde,0.2725220262665364,0,Bajo,0
SIN-0949,POL-0173,ASE-0146,Generales,Incendio Comercial,13488.79,76,Rojo,0.9457805611872935,1,Alto,1
SIN-0950,POL-0193,ASE-0196,Generales,Daño Equipos,3863.7,41,Amarillo,0.14232130185274205,0,Bajo,0
SIN-0951,POL-0198,ASE-0248,Hogar,Robo Contenido,8658.26,0,Verde,0.06783588663644671,0,Bajo,0
SIN-0952,POL-0046,ASE-0207,Vehículos,Volcadura,5278.22,42,Amarillo,0.6169888142860223,1,Alto,1
SIN-0953,POL-0066,ASE-0158,Vehículos,Choque,7199.39,11,Verde,0.0736611524583703,0,Bajo,0
SIN-0954,POL-0260,ASE-0070,Salud,Maternidad,3566.93,11,Verde,0.030148669416312942,0,Bajo,0
SIN-0955,POL-0264,ASE-0029,Salud,Hospitalización,7088.17,26,Verde,0.03334740251083795,0,Bajo,0
SIN-0956,POL-0270,ASE-0019,Hogar,Terremoto,18821.12,47,Amarillo,0.34076280691209865,0,Medio,0
SIN-0957,POL-0249,ASE-0173,Salud,Atención Médica,1596.72,5,Verde,0.08894084363154803,0,Bajo,0
SIN-0958,POL-0180,ASE-0069,Vehículos,Volcadura,15341.53,46,Amarillo,0.22657655706126387,0,Bajo,0
SIN-0959,POL-0106,ASE-0056,Salud,Emergencia,1096.04,26,Verde,0.06846700101937073,0,Bajo,0
SIN-0960,POL-0072,ASE-0012,Vida,Enfermedades Graves,31300.35,5,Verde,0.13854857156829642,0,Bajo,0
SIN-0961,POL-0241,ASE-0245,Vehículos,Robo,33759.9,56,Amarillo,0.3532828731431049,0,Medio,0
SIN-0962,POL-0283,ASE-0220,Vehículos,Responsabilidad Civil,18905.81,71,Amarillo,0.4037780911158312,0,Medio,0
SIN-0963,POL-0059,ASE-0173,Generales,Responsabilidad Civil,3927.52,13,Verde,0.07502807610538093,0,Bajo,0
SIN-0964,POL-0071,ASE-0016,Vehículos,Volcadura,8103.43,86,Rojo,0.9425981989947533,1,Alto,1
SIN-0965,POL-0170,ASE-0245,Vehículos,Robo Parcial,2182.17,10,Verde,0.04628637457687851,0,Bajo,0
SIN-0966,POL-0179,ASE-0046,Vehículos,Daño Parcial,1363.45,27,Verde,0.439663729753433,0,Medio,1
SIN-0967,POL-0153,ASE-0020,Vida,Invalidez Parcial,10409.11,15,Verde,0.023932266541468013,0,Bajo,0
SIN-0968,POL-0004,ASE-0231,Vida,Enfermedades Graves,37159.78,18,Verde,0.1599980393913853,0,Bajo,0
SIN-0969,POL-0263,ASE-0095,Salud,Emergencia,22153.68,76,Rojo,0.9611853253114817,1,Alto,1
SIN-0970,POL-0233,ASE-0005,Generales,Daño Equipos,2545.18,26,Verde,0.04030883000561518,0,Bajo,0
SIN-0971,POL-0242,ASE-0229,Salud,Hospitalización,2782.02,0,Verde,0.06852478558572533,0,Bajo,0
SIN-0972,POL-0151,ASE-0094,Hogar,Incendio,10353.2,11,Verde,0.15485769124900634,0,Bajo,0
SIN-0973,POL-0157,ASE-0183,Vida,Invalidez Total,34164.94,71,Amarillo,0.52647778057955,1,Medio,0
SIN-0974,POL-0297,ASE-0078,Salud,Maternidad,30790.69,93,Rojo,0.8776319338393713,1,Alto,1
SIN-0975,POL-0035,ASE-0129,Salud,Maternidad,2390.6,13,Verde,0.04792320262591211,0,Bajo,0
SIN-0976,POL-0290,ASE-0241,Salud,Maternidad,3748.95,26,Verde,0.05388364442476012,0,Bajo,0
SIN-0977,POL-0224,ASE-0125,Salud,Hospitalización,1607.46,13,Verde,0.0508011851755103,0,Bajo,0
SIN-0978,POL-0210,ASE-0247,Vehículos,Robo Parcial,2947.14,0,Verde,0.06825604599312002,0,Bajo,0
SIN-0979,POL-0074,ASE-0170,Hogar,Robo Contenido,7469.04,5,Verde,0.06231647289410197,0,Bajo,0
SIN-0980,POL-0169,ASE-0099,Vehículos,Robo Parcial,2836.93,17,Verde,0.12351968656962477,0,Bajo,0
SIN-0981,POL-0243,ASE-0048,Vehículos,Robo Parcial,2336.94,44,Amarillo,0.24875770698754937,0,Bajo,0
SIN-0982,POL-0188,ASE-0007,Vehículos,Robo,8065.77,6,Verde,0.4257921827985671,0,Medio,1
SIN-0983,POL-0003,ASE-0188,Vehículos,Robo Parcial,2382.35,25,Verde,0.08524315201664386,0,Bajo,0
SIN-0984,POL-0211,ASE-0204,Vehículos,Pérdida Total,28602.63,56,Amarillo,0.5100213215801563,1,Medio,1
SIN-0985,POL-0012,ASE-0090,Vehículos,Robo,41340.41,50,Amarillo,0.897248986865595,1,Alto,1
SIN-0986,POL-0248,ASE-0198,Salud,Emergencia,1981.27,10,Verde,0.10840364933467748,0,Bajo,1
SIN-0987,POL-0279,ASE-0229,Vehículos,Volcadura,6682.31,56,Amarillo,0.3306814920446079,0,Medio,0
SIN-0988,POL-0275,ASE-0058,Vida,Enfermedades Graves,36875.12,0,Verde,0.10113215607682567,0,Bajo,0
SIN-0989,POL-0199,ASE-0055,Vehículos,Pérdida Total,26380.69,12,Verde,0.07174550695296385,0,Bajo,0
SIN-0990,POL-0234,ASE-0152,Hogar,Responsabilidad Civil,16528.7,19,Verde,0.10521640044929426,0,Bajo,0
SIN-0991,POL-0133,ASE-0107,Generales,Daño Equipos,6944.73,5,Verde,0.06739023027095509,0,Bajo,0
SIN-0992,POL-0101,ASE-0055,Salud,Cirugía,13050.08,0,Verde,0.06117736161141984,0,Bajo,0
SIN-0993,POL-0252,ASE-0073,Vehículos,Daño Parcial,2568.31,11,Verde,0.029904990635267175,0,Bajo,0
SIN-0994,POL-0226,ASE-0169,Vehículos,Volcadura,8427.28,71,Amarillo,0.6674307175858685,1,Alto,1
SIN-0995,POL-0099,ASE-0134,Vida,Invalidez Total,38529.62,80,Rojo,0.967658246967721,1,Alto,1
SIN-0996,POL-0135,ASE-0040,Vehículos,Volcadura,6928.5,84,Rojo,0.9580447533466965,1,Alto,1
SIN-0997,POL-0033,ASE-0112,Vehículos,Responsabilidad Civil,11052.77,76,Rojo,0.9056864458271374,1,Alto,1
SIN-0998,POL-0233,ASE-0005,Salud,Hospitalización,3919.62,15,Verde,0.14128405876954872,0,Bajo,0
SIN-0999,POL-0037,ASE-0218,Salud,Maternidad,3377.7,11,Verde,0.06017508095158996,0,Bajo,0
SIN-1000,POL-0070,ASE-0102,Vida,Invalidez Parcial,9722.21,56,Amarillo,0.42504458805742373,0,Medio,0
