id_vehiculo,id_asegurado,placa,chasis,numero_motor,marca,modelo,anio,color,siniestros_periodo_18m,ciudad_registro
VEH-0001,ASE-0232,LRA-2276,J4V0UDKKBP3SD6WAU,HERXHPYC9C,Hyundai,i10,2021,Amarillo,0,Loja
VEH-0002,ASE-0192,AXB-4025,3M1X21LBV3F2SZX3C,2SKBGB7U9U,Toyota,Yaris,2013,Blanco,0,Cuenca
VEH-0003,ASE-0228,PAE-6525,R8MGZN3JCRR9FKDLK,R0FRR07XRY,Hyundai,Creta,2006,Negro,0,Quito
VEH-0004,ASE-0009,GVA-8631,HYM8BFRNRCENLK8AG,U7D20HXZ9G,Volkswagen,T-Cross,2009,Negro,0,Guayaquil
VEH-0005,ASE-0182,GZH-0086,U6507Y3TEGE3AVN3V,XCL90U24C9,Renault,Logan,2007,Beige,0,Guayaquil
VEH-0006,ASE-0111,AVT-5935,54ULF7H8UKCG8KXXD,YWWFX6M7B5,Hyundai,Santa Fe,2007,Blanco,1,Cuenca
VEH-0007,ASE-0165,GWR-8570,S3ZKCBRSGXL0159EN,VLSJJDKNXJ,Volkswagen,Amarok,2010,Azul,3,Guayaquil
VEH-0008,ASE-0024,GFG-0212,T8HMBT6YSU4R612NP,VGVCT2K9ZD,Chevrolet,Captiva,2008,Verde,3,Guayaquil
VEH-0009,ASE-0012,PRJ-3229,03UE6E7LNX4WTTTVS,ALDPL65XWJ,Toyota,RAV4,2023,Naranja,0,Quito
VEH-0010,ASE-0175,GRR-1713,V0GRPPGTXS410UV9S,N8SUVZ5Z3J,Suzuki,Swift,2020,Plateado,0,Guayaquil
VEH-0011,ASE-0126,PZR-5687,M73KEZN9483KK0MRJ,SGU7ZEXWJZ,Kia,Rio,2021,Plateado,0,Quito
VEH-0012,ASE-0238,GFA-3229,Y6SY1KKB2YH15B7P4,7B43G15KBK,Renault,Sandero,2024,Negro,0,Guayaquil
VEH-0013,ASE-0050,PXH-6394,L1Y0AMKZGXYPRLPD9,S7ANRJLWVJ,Nissan,X-Trail,2016,Plateado,2,Quito
VEH-0014,ASE-0177,AGF-5258,7KXHEF1WPVSUYHJ15,CR0CVCVTVE,Toyota,Corolla,2015,Amarillo,0,Cuenca
VEH-0015,ASE-0132,PKF-9500,VVZLAJAHCP0UB69SK,FEY18N6R7N,Chevrolet,D-MAX,2007,Amarillo,0,Quito
VEH-0016,ASE-0001,GCR-7403,9S0PNHSFG52BYX76H,CWRZ5JBRU1,Nissan,Sentra,2006,Gris,2,Guayaquil
VEH-0017,ASE-0061,MZN-9807,EYHKC867XRT98Z2LP,EN1S5K037V,Suzuki,S-Presso,2018,Amarillo,0,Manta
VEH-0018,ASE-0186,PSN-2614,BNWBC3WZHG6L6GG11,17Z0PHLKSY,Mazda,Mazda2,2014,Rojo,2,Quito
VEH-0019,ASE-0095,GLY-8251,B51AVW0KGHVJV8M2T,01S1MEVG69,Ford,EcoSport,2006,Amarillo,0,Guayaquil
VEH-0020,ASE-0018,EXX-2661,ATNXZXSTAVAUK9A3Z,37DDEGU3JP,Toyota,Corolla,2016,Verde,1,Esmeraldas
VEH-0021,ASE-0195,LUN-7503,PNSY0C4YL9967H6ZV,J7ZKUYF5AG,Renault,Logan,2009,Verde,0,Loja
VEH-0022,ASE-0190,MAY-8830,90T9BR4M28P2AK9TM,8RZYCX30CF,Chevrolet,Aveo,2009,Verde,0,Manta
VEH-0023,ASE-0111,AXY-0407,VPAMDWLNKNC669VFN,EKTCRPSCJJ,Hyundai,Accent,2020,Naranja,0,Cuenca
VEH-0024,ASE-0085,PUC-4528,R4YWKWZSFPL1X82LK,2N7G9F2A08,Chevrolet,Captiva,2011,Beige,0,Quito
VEH-0025,ASE-0065,PKE-5723,03C9SPT7ZU3M6UYC2,YMYB9ZP18R,Kia,Picanto,2005,Negro,1,Quito
VEH-0026,ASE-0174,AZR-4512,TMADP8D8ELSGSSRZL,K3D5YZF9JF,Kia,Picanto,2010,Azul,1,Cuenca
VEH-0027,ASE-0189,MHP-2206,GWN0G13CD5GLSJ5UY,WXWM4X30KX,Kia,Cerato,2007,Gris,1,Portoviejo
VEH-0028,ASE-0099,TFX-8026,TU77FFKG4X58SGNVY,PT0RFV3HBH,Ford,EcoSport,2014,Gris,0,Ambato
VEH-0029,ASE-0211,MED-9547,U12RHR1YJ5BJ5C5D3,G1Z5XRX233,Chevrolet,Cruze,2023,Azul,4,Manta
VEH-0030,ASE-0231,PVE-0444,D82795E5J042ZTWJP,RX6DUK7N8L,Mazda,Mazda2,2005,Negro,1,Quito
VEH-0031,ASE-0127,ITS-9043,4MWVTMZBD2SE5RA8G,ZEYF7KYJN6,Mazda,CX-30,2010,Blanco,0,Ibarra
VEH-0032,ASE-0020,TWF-1442,HZAZ39PECN1DL6E21,E9EUAYR0XE,Chevrolet,D-MAX,2018,Naranja,0,Ambato
VEH-0033,ASE-0110,AFY-4850,EKCVWX2Z4YKUT1KB6,8TDTWU997E,Toyota,Land Cruiser,2023,Verde,0,Cuenca
VEH-0034,ASE-0056,PZW-9981,B3TXTP0CUXKLTG3UN,X4ZC014BCR,Toyota,RAV4,2019,Naranja,0,Quito
VEH-0035,ASE-0128,PME-4039,U20FE2J62A3JC0WCS,MTVNJDV0HT,Volkswagen,Amarok,2006,Blanco,3,Quito
VEH-0036,ASE-0183,JGV-4499,PLP0JCNT6F398CSK4,LVAGVLXSWT,Kia,Rio,2011,Amarillo,1,Santo Domingo
VEH-0037,ASE-0086,ANT-1295,Y50DUHTB90D76U0N9,CDE4CVR8HJ,Toyota,Hilux,2015,Verde,0,Cuenca
VEH-0038,ASE-0043,GNU-0558,LDM2RS5C3L0WH5E08,PBK4F85VVD,Ford,EcoSport,2008,Gris,0,Guayaquil
VEH-0039,ASE-0166,GDZ-0156,W7C9GY3D43E8B7R0T,NRM6KREXXY,Chevrolet,Aveo,2020,Verde,0,Guayaquil
VEH-0040,ASE-0206,GFC-8256,AN0S2MVLJAWA3K3SM,WHFJHU3128,Kia,Cerato,2023,Verde,1,Guayaquil
VEH-0041,ASE-0152,GKP-5927,08VVG96TLTCHHUA7G,E074LAW724,Toyota,RAV4,2016,Negro,0,Guayaquil
VEH-0042,ASE-0112,PFK-6237,8YF8Z72HWFLZE188N,98BW78HV7E,Kia,Picanto,2007,Plateado,2,Quito
VEH-0043,ASE-0115,HBL-9902,GZM20BRPFP6MN43W2,HR3BAJDM6F,Hyundai,Accent,2007,Amarillo,0,Riobamba
VEH-0044,ASE-0112,PGY-8831,DGG001JKHBV4FMRKY,WGAFKC4LPT,Chevrolet,Aveo,2013,Negro,0,Quito
VEH-0045,ASE-0058,AWT-6960,VEZDZ3P1HCNU8Z7VH,KP5BVUV9E8,Chevrolet,Tracker,2019,Gris,2,Cuenca
VEH-0046,ASE-0161,GVG-6911,WL03CVV5U7A0W2DEV,W8DD22565J,Chevrolet,Sail,2020,Naranja,0,Guayaquil
VEH-0047,ASE-0226,LCN-2672,H176A3LKTZD5E9R4J,PYGG41254U,Chevrolet,Captiva,2010,Negro,0,Loja
VEH-0048,ASE-0052,GRG-4980,JS70K4TXEBNWF5WMF,61ZKNFV85Y,Ford,EcoSport,2011,Rojo,2,Guayaquil
VEH-0049,ASE-0154,GKG-0762,HX800K65SHKUXWA98,4VWKZSMKLK,Hyundai,Creta,2014,Plateado,2,Guayaquil
VEH-0050,ASE-0036,LUN-4008,Y9JPNB0VG0HU26ZT4,45FDEJ32GZ,Chevrolet,Sail,2015,Negro,1,Loja
VEH-0051,ASE-0218,PXN-8511,BXWXSGDZUP5E9M969,E5FCL9LBRG,Chevrolet,Sail,2010,Naranja,0,Quito
VEH-0052,ASE-0123,PHX-7882,BGNAL4GZXJZMENWF4,KK1WM69M6M,Chevrolet,Cruze,2011,Gris,0,Quito
VEH-0053,ASE-0094,MFC-7846,3NY2XWBD4BDREJ0GZ,APDUX0P6TX,Chevrolet,Cruze,2014,Negro,1,Manta
VEH-0054,ASE-0076,HDY-8988,V7ZSHACDVT82C06YS,9JB355MZRD,Chevrolet,Cruze,2006,Blanco,0,Riobamba
VEH-0055,ASE-0209,PAT-3988,DPS4ZSP6FE094D7SV,RX2X5616ST,Kia,Rio,2018,Beige,0,Quito
VEH-0056,ASE-0058,AVG-7188,ZMU0DYJMZN4V9BYF5,55CTH9BHYP,Chevrolet,Aveo,2012,Negro,4,Cuenca
VEH-0057,ASE-0005,AFV-4372,PVACWXLTGZ8MBHRVX,SY0D2HM48K,Hyundai,Santa Fe,2021,Azul,0,Cuenca
VEH-0058,ASE-0049,GAE-3892,5H4GM1BXZE6SWT8A1,VRW727ZF3D,Ford,Ranger,2024,Naranja,0,Guayaquil
VEH-0059,ASE-0249,ARK-9591,3EW6T4VL1VHG0Z7E0,9FUY02VW80,Chevrolet,Spark,2022,Rojo,0,Cuenca
VEH-0060,ASE-0042,GZE-9214,ZEC2GUMRXZVHYNT3Z,ZBNP3Z8B1G,Nissan,Kicks,2019,Plateado,4,Guayaquil
VEH-0061,ASE-0076,HTH-6535,9C81DBKJF4AS7B7W2,X4K3VC0U8U,Chevrolet,Tracker,2021,Gris,0,Riobamba
VEH-0062,ASE-0244,PFT-0957,U949AZR6XX8ZL78NU,K74N3RB6GT,Toyota,Fortuner,2008,Gris,2,Quito
VEH-0063,ASE-0053,HUS-3063,092Y81FSLCB3VVHJN,XRAZUYX1W0,Hyundai,Elantra,2007,Azul,1,Riobamba
VEH-0064,ASE-0170,GHW-7334,FH135KXK685Y8A5EB,VPVCG10G65,Toyota,Yaris,2009,Gris,0,Guayaquil
VEH-0065,ASE-0239,PKG-1496,VYCZJGW8MZHKCGTLY,ZFV38FL20Y,Chevrolet,Sail,2013,Azul,4,Quito
VEH-0066,ASE-0166,GXR-3502,45EUJ6CCATBWPW6VU,9S2NH21KST,Mazda,CX-5,2017,Azul,1,Guayaquil
VEH-0067,ASE-0041,IKP-6442,8Y81SMHTCNBG6MSSB,9L0U44JUFY,Kia,Cerato,2016,Naranja,0,Ibarra
VEH-0068,ASE-0089,TLX-7105,SWTEFCYGGM0DH30SS,GF4ABVFXBV,Chevrolet,Tracker,2006,Gris,1,Ambato
VEH-0069,ASE-0211,MRH-8762,CR95F4W34GYJ0MRWH,NDG5TPEDSX,Kia,Picanto,2006,Amarillo,0,Manta
VEH-0070,ASE-0174,AEA-2480,UNBUH33NW12ZDESH5,K5PG03WDAY,Chevrolet,Captiva,2015,Verde,1,Cuenca
VEH-0071,ASE-0175,GKR-1642,GVVFVS9W2PE5DH28D,T23XZBNX34,Chevrolet,Spark,2020,Naranja,0,Guayaquil
VEH-0072,ASE-0168,PSA-7714,0W84YRGY3KBWUHFBH,AF92MPWU1C,Chevrolet,D-MAX,2007,Amarillo,1,Quito
VEH-0073,ASE-0117,GEZ-5028,VJPDCK83853VZ8V21,8SSWADCX9Z,Chevrolet,Spark,2012,Azul,3,Guayaquil
VEH-0074,ASE-0211,MLV-6959,VFLHVG17G1HHJH44M,2DC8TA584N,Kia,Sorento,2015,Beige,0,Manta
VEH-0075,ASE-0014,PXR-7585,P8BM52SDULAZNDM5G,JJ8MGPP1NP,Nissan,Versa,2019,Gris,1,Quito
VEH-0076,ASE-0098,GXU-4226,31SAPE6XULTJ5BDFH,J4D1JMV3MP,Chevrolet,Captiva,2016,Naranja,0,Guayaquil
VEH-0077,ASE-0199,IUM-6202,6NKXEF3MXV5CFHLKJ,YJR5MW8PGA,Kia,Rio,2012,Rojo,1,Ibarra
VEH-0078,ASE-0007,MGH-5126,U9DXC7NH1REUFBM75,S57VE8UWS1,Toyota,Land Cruiser,2023,Verde,2,Portoviejo
VEH-0079,ASE-0106,GTB-4542,LA34MSA78SARKHANP,VPF1NNJPH2,Chevrolet,Captiva,2024,Rojo,0,Guayaquil
VEH-0080,ASE-0117,GKX-5687,JXGABUGDJ00HETML3,9S3L48B2CS,Hyundai,Accent,2011,Rojo,1,Guayaquil
VEH-0081,ASE-0009,GJA-3789,1DYGN87F11VESKMBZ,9HRA3WPJ8W,Toyota,Fortuner,2020,Naranja,0,Guayaquil
VEH-0082,ASE-0161,GKU-5622,MFUDTLVYM61AN0JB0,VUTVULS5W5,Hyundai,i10,2010,Negro,0,Guayaquil
VEH-0083,ASE-0048,LLA-3641,XNXLC84GZ2FKPLDYB,7FBDGBYNTX,Chevrolet,Captiva,2023,Rojo,3,Loja
VEH-0084,ASE-0021,PLC-6035,YM1643BXU14CHUDHN,GYV8VV12WZ,Chevrolet,Aveo,2018,Negro,1,Quito
VEH-0085,ASE-0232,LAR-1403,9LN2R0XVH27J8RP09,WU9KKH5A4Z,Chevrolet,Sail,2013,Amarillo,0,Loja
VEH-0086,ASE-0150,AEH-7378,JKVVHCLST604DYB3N,27M6R7D215,Chevrolet,Captiva,2005,Verde,0,Cuenca
VEH-0087,ASE-0188,PFB-0593,91VCR2EMS1VJPR02S,GPVV9UHJRZ,Chevrolet,Aveo,2023,Negro,4,Quito
VEH-0088,ASE-0090,ORU-6791,9REB3GN25DB8754AZ,DRAGUGUJS1,Toyota,Corolla,2009,Blanco,1,Machala
VEH-0089,ASE-0014,PAD-1652,8CYY7MDK6N9T06SWC,G8V0B7LT1A,Chevrolet,D-MAX,2016,Azul,1,Quito
VEH-0090,ASE-0209,PTU-1671,88HMNE1UZ5ZPVRLWR,EYWZGEZ67R,Renault,Stepway,2009,Naranja,4,Quito
VEH-0091,ASE-0196,RVZ-1036,98L14Y1FGEA9XWXWH,AC2E4SYGNS,Nissan,Sentra,2010,Plateado,0,Babahoyo
VEH-0092,ASE-0194,PZK-7066,F8RXZ56R2X40P7VUY,0BDS55JU9B,Chevrolet,Sail,2017,Amarillo,0,Quito
VEH-0093,ASE-0236,PCU-8619,UE4R0D27ZEPRFW0GS,JZ630EDRMU,Volkswagen,Gol,2017,Amarillo,0,Quito
VEH-0094,ASE-0039,LVH-4353,E2BL18KF68A2ATT3X,THYRRWA6KX,Kia,Cerato,2011,Blanco,0,Loja
VEH-0095,ASE-0236,PWV-1968,D9FKY0VV81MB2L642,4CSE5LPGGB,Mazda,CX-5,2023,Amarillo,0,Quito
VEH-0096,ASE-0135,GTL-7928,X7XT1T36HKGDS31GX,PBM3HYZJCK,Toyota,Corolla,2022,Azul,1,Guayaquil
VEH-0097,ASE-0214,GNM-4728,Z73YSX6UM2P14K0LU,GZ36M8KB9X,Kia,Sportage,2010,Naranja,0,Guayaquil
VEH-0098,ASE-0106,GWB-8246,5N4KUFNBGDT36FMS5,LL2D9U9GBN,Chevrolet,Captiva,2021,Negro,0,Guayaquil
VEH-0099,ASE-0197,GJA-8127,LWL6LGKLRDEKAXTGM,LE0KJCXMRE,Chevrolet,Aveo,2020,Blanco,1,Guayaquil
VEH-0100,ASE-0115,HHX-7209,L30ZU91SE37SSZ0SH,H5X7N0Y36R,Chevrolet,Aveo,2005,Negro,1,Riobamba
VEH-0101,ASE-0104,PBT-4766,3LY3UPPXV9NM3W2R2,UHYC7VTWSV,Kia,Sorento,2019,Gris,2,Quito
VEH-0102,ASE-0170,GMV-0263,HEW131YRKXRG5K3Z7,7079WXT45C,Toyota,RAV4,2022,Blanco,0,Guayaquil
VEH-0103,ASE-0101,APL-5473,0PRGFEV4MPK5EAYE6,Y9EE356Z7X,Chevrolet,Aveo,2019,Amarillo,1,Cuenca
VEH-0104,ASE-0061,MTG-2111,J7WBBSNW8C1U51KUU,XJXYZZUWX6,Toyota,Fortuner,2022,Blanco,1,Manta
VEH-0105,ASE-0043,GNU-1247,710VCSFB93XKCT5KE,K5ADFWER3J,Chevrolet,D-MAX,2012,Beige,0,Guayaquil
VEH-0106,ASE-0127,IZN-2112,PNY0FW4BJ4BSSS87H,ZNJURK3NLU,Mazda,CX-5,2006,Negro,2,Ibarra
VEH-0107,ASE-0026,EEA-5295,WSZHZ2UZ9LAACPUZM,0JBXBW6HWE,Toyota,Yaris,2008,Negro,0,Esmeraldas
VEH-0108,ASE-0065,PTC-8485,YCR92ZZ2J2KCN9J3F,C9GNYDURXD,Toyota,Yaris,2019,Rojo,0,Quito
VEH-0109,ASE-0001,GLL-1094,YJ06VU8TR422UA83S,V7MZPX8CU8,Nissan,Frontier,2007,Beige,3,Guayaquil
VEH-0110,ASE-0230,PVK-0601,ZT6RGBA9HN3YT838A,MM0PGYU85U,Chevrolet,Cruze,2023,Plateado,0,Quito
VEH-0111,ASE-0034,PNG-9176,X64DX4C3DWXCGM41P,DZVL8HBFCK,Volkswagen,Gol,2018,Gris,0,Quito
VEH-0112,ASE-0097,HVF-5448,ATAFCY6P32ZGYUP7X,BFT8X2MAHD,Chevrolet,Tracker,2021,Negro,2,Riobamba
VEH-0113,ASE-0050,PZH-6679,E47TF7BNGJX6RDBUF,ATCHRWP16H,Kia,Cerato,2008,Azul,0,Quito
VEH-0114,ASE-0228,PEE-6110,HXFNSGMJMBVKDSP2H,KF386WVHPU,Chevrolet,Sail,2011,Naranja,0,Quito
VEH-0115,ASE-0229,PAL-5227,876PB91TRP3ZDTC1Z,PHMH9AZFSV,Chevrolet,D-MAX,2023,Blanco,3,Quito
VEH-0116,ASE-0001,GTL-6976,C6LBRJ8U32C61B8Z6,DNXNFVC0G9,Chevrolet,D-MAX,2012,Amarillo,2,Guayaquil
VEH-0117,ASE-0083,PSY-4569,JZKCMTUE0ZUKX3838,C6SC6K8DK0,Hyundai,Tucson,2020,Gris,0,Quito
VEH-0118,ASE-0114,XWB-1375,AGA34UMWY2TYUVSV6,L3HNK4EK8X,Toyota,Hilux,2010,Amarillo,1,Latacunga
VEH-0119,ASE-0082,AGC-6695,RNG0Y9ER9UEA7287F,9VTYK6819Z,Toyota,RAV4,2023,Beige,1,Cuenca
VEH-0120,ASE-0216,PMB-0432,MLXGU22GC5Z89PTWT,BZP0RNAMLR,Toyota,RAV4,2022,Negro,0,Quito
VEH-0121,ASE-0109,GCZ-8599,P4WEL9UM7WNAYKFSV,7G4KT4KWT1,Toyota,Hilux,2012,Blanco,1,Guayaquil
VEH-0122,ASE-0046,PSG-0746,ZJDK9C1WV5XSZDTV4,FBL5EFJP7M,Mazda,BT-50,2014,Rojo,1,Quito
VEH-0123,ASE-0083,PYE-5640,4ZKZZDW4AUNTM7DFH,G6X4UUV1DS,Chevrolet,Captiva,2007,Negro,2,Quito
VEH-0124,ASE-0196,RJH-6836,FL1DEZZLG9R2DASRG,BYWS6BKADE,Toyota,Hilux,2024,Plateado,4,Babahoyo
VEH-0125,ASE-0090,OGY-8543,52XTC42U08F1A0775,S0GZD49PTP,Volkswagen,Amarok,2015,Negro,0,Machala
VEH-0126,ASE-0030,PHZ-4596,S1Z4HP9R5637NAZZP,UZDPZ916FN,Chevrolet,D-MAX,2011,Azul,0,Quito
VEH-0127,ASE-0149,LNK-1376,138MZ89TESETH8A14,TAFWLKX2YU,Hyundai,i10,2020,Beige,1,Loja
VEH-0128,ASE-0196,RUE-5946,R7NLNSBV5L0TE0TDZ,YZVS5TNT9X,Chevrolet,Sail,2016,Rojo,0,Babahoyo
VEH-0129,ASE-0161,GCZ-6215,DMMMYJYW7CLMALS5V,6JZW9NNV3D,Hyundai,Accent,2011,Azul,0,Guayaquil
VEH-0130,ASE-0217,ANC-9941,C5HJKV3X80WWKVURM,C4TKYLPJUZ,Ford,F-150,2022,Gris,4,Cuenca
VEH-0131,ASE-0069,GWM-7528,UX2RVXUNEEZKRL4CG,P4YJWPDGJ4,Chevrolet,Aveo,2019,Beige,3,Guayaquil
VEH-0132,ASE-0072,GZF-5395,F58TA5CW56PMYC80E,D17U487J6H,Chevrolet,Captiva,2008,Azul,1,Guayaquil
VEH-0133,ASE-0055,PXW-2749,RJWTN8LPZ867M04A8,W4Y8Z3HVL8,Chevrolet,Spark,2016,Negro,4,Quito
VEH-0134,ASE-0024,GMV-2259,1K5FRL3Y3KC2T17LP,7DFJCP1VLZ,Mazda,Mazda2,2006,Gris,3,Guayaquil
VEH-0135,ASE-0064,MMD-5355,8424Z3LS1JZ43GPG5,86H87YX69G,Toyota,Land Cruiser,2010,Blanco,1,Manta
VEH-0136,ASE-0135,GLH-1652,7RZD0G52KTE5W9KZP,PEKJX6NZSA,Chevrolet,D-MAX,2009,Azul,0,Guayaquil
VEH-0137,ASE-0014,PUB-7783,H6978W1BJXKPN8VWJ,T75ELUEDBE,Chevrolet,Tracker,2013,Azul,0,Quito
VEH-0138,ASE-0081,GSV-9405,T8V7YRGBGSFSD6TR9,VSD0EMGK41,Nissan,Kicks,2013,Naranja,1,Guayaquil
VEH-0139,ASE-0197,GPX-8454,DLK9EN7DLAS0SXJYL,BXR8963E53,Chevrolet,Tracker,2014,Azul,1,Guayaquil
VEH-0140,ASE-0103,ATK-6149,5F2K1YDTR3LZEY4TT,6SVP13XRRB,Mazda,BT-50,2015,Beige,0,Cuenca
VEH-0141,ASE-0112,PHS-6888,3K9ZKJRVV7TTPS03M,W2A1S24BP0,Hyundai,Creta,2015,Naranja,0,Quito
VEH-0142,ASE-0048,LJH-7780,9JZRAPAYSPY10K3XZ,8Z3CEG3ZGA,Chevrolet,Tracker,2020,Gris,0,Loja
VEH-0143,ASE-0109,GBR-9974,FF08S5WGV4BAX0951,WVKTTWXZ3T,Chevrolet,Tracker,2006,Amarillo,0,Guayaquil
VEH-0144,ASE-0241,ACR-8469,RRF0SRTWZ750S60NP,8YMS9FGZCS,Kia,Sportage,2010,Plateado,1,Cuenca
VEH-0145,ASE-0005,ABV-2315,JZF5T3MDHVT9222V6,55WDB83819,Toyota,Hilux,2024,Naranja,0,Cuenca
VEH-0146,ASE-0093,PPV-1086,KRT1DYME5RP2J3MTC,N1MYF1PH3P,Chevrolet,Cruze,2018,Beige,0,Quito
VEH-0147,ASE-0022,PFX-1422,P2RNB7EV99359P605,0LM46XEPY6,Kia,Cerato,2024,Naranja,0,Quito
VEH-0148,ASE-0138,GAV-9614,01E9KDVU1FA3WH209,DBNXMBYEK1,Chevrolet,Tracker,2019,Azul,0,Guayaquil
VEH-0149,ASE-0090,OHP-6428,Z3VEN1DUG2RERPDRE,HCZPV25WY9,Volkswagen,Polo,2020,Verde,0,Machala
VEH-0150,ASE-0055,PEJ-4255,BFV7D5DNKUDLNKAE2,P7LKG1AVCB,Hyundai,i10,2020,Naranja,1,Quito
VEH-0151,ASE-0130,GZG-9625,2ZE1CXXN6MBZRKCFA,X2LYYC8U28,Mazda,Mazda3,2021,Plateado,1,Guayaquil
VEH-0152,ASE-0213,PSU-0649,6R3XPB5ARP5LJDDFE,JCLPFXLABN,Kia,Sorento,2015,Gris,1,Quito
VEH-0153,ASE-0061,MGV-6366,1NDCSPSPH6J8ZJV2L,PCXG8N92UP,Toyota,Fortuner,2022,Beige,1,Manta
VEH-0154,ASE-0124,GST-6869,JZ94H4KFUCC04095G,T368X90KYL,Volkswagen,Gol,2011,Beige,0,Guayaquil
VEH-0155,ASE-0045,HRH-4570,602U2YCB4ZZM34MF2,0AS7RHAK7M,Toyota,Yaris,2007,Naranja,0,Riobamba
VEH-0156,ASE-0156,GGU-1159,G4P5VTVYVZVCECJVH,U2GZ9ZUJVR,Suzuki,Jimny,2018,Blanco,0,Guayaquil
VEH-0157,ASE-0195,LNY-8284,0B7ULNM639HZ87GLC,XARA374JS8,Chevrolet,Cruze,2006,Azul,0,Loja
VEH-0158,ASE-0022,PVU-3191,7N6Z2C3BXRDBB5PXP,52XRSRXDYZ,Ford,Territory,2005,Beige,4,Quito
VEH-0159,ASE-0147,MZW-7998,TMSXGEBEWTYMWUESW,K9UYEH4VBM,Kia,Cerato,2011,Plateado,0,Portoviejo
VEH-0160,ASE-0145,PJV-0546,XPFR3BHAHHXH18L1G,G9MCADKGW2,Chevrolet,Cruze,2006,Blanco,4,Quito
VEH-0161,ASE-0006,PSP-8912,JD4EY6MGSNNFU3XR0,D6EGUZLRX7,Nissan,Sentra,2024,Naranja,0,Quito
VEH-0162,ASE-0131,AAX-5920,6GCSYCT1YTTSLNZ0T,JP7WBHG5PL,Toyota,Hilux,2017,Naranja,4,Cuenca
VEH-0163,ASE-0150,AVX-3419,TMRRNTKARJC6KTVCK,HDMVMZJ124,Kia,Rio,2011,Naranja,0,Cuenca
VEH-0164,ASE-0201,PHM-0814,842AY985H0GHWVS3M,C4R8PR5AE5,Toyota,Hilux,2014,Blanco,4,Quito
VEH-0165,ASE-0138,GSU-9471,WVBE99V37VNN8CNSL,8YLFZF4WAG,Mazda,CX-30,2017,Rojo,0,Guayaquil
VEH-0166,ASE-0106,GKC-4490,9EP1N6G5L3YFVLG0S,G9R4WJLVTS,Chevrolet,Sail,2006,Negro,0,Guayaquil
VEH-0167,ASE-0218,PJL-9806,J61S7GVN8H5KXK700,HT9V9CD2LR,Chevrolet,Spark,2013,Plateado,0,Quito
VEH-0168,ASE-0050,PNZ-3311,AD7L1SCVH8E44FADK,UNC2ZFMHBZ,Kia,Cerato,2011,Beige,0,Quito
VEH-0169,ASE-0014,PWL-6650,BNGJ6GAAA4ZC8D4Y0,BT3LXX7PRH,Volkswagen,Gol,2008,Azul,1,Quito
VEH-0170,ASE-0167,PVF-1507,B6P2T9037VJDLXN72,EF2Z9YCA7R,Kia,Picanto,2021,Plateado,1,Quito
VEH-0171,ASE-0194,PEE-8319,CETGNYH09R5EL2B3P,31H1MGB793,Chevrolet,Captiva,2012,Naranja,0,Quito
VEH-0172,ASE-0163,JAW-1121,7EFV3GTRSFGPWLW8G,5S8MNSPXRF,Chevrolet,Cruze,2020,Blanco,4,Santo Domingo
VEH-0173,ASE-0066,GSA-0723,LKVSL0G7A51NPPP1N,L9C69E7F28,Chevrolet,Cruze,2016,Amarillo,0,Guayaquil
VEH-0174,ASE-0009,GEB-7574,M0AYEW8EJWYFDD0N0,9C75FRZTU6,Chevrolet,Tracker,2023,Rojo,3,Guayaquil
VEH-0175,ASE-0037,PUM-1590,G10AFTD2PPKRFGETT,DVHG13G95R,Kia,Stonic,2024,Negro,0,Quito
VEH-0176,ASE-0125,EVW-5490,DC1AW9DUAW927SMRN,6938YNBMLD,Chevrolet,Cruze,2019,Verde,1,Esmeraldas
VEH-0177,ASE-0064,MMK-6490,XYSPG983AMB3LRXPX,CR779561KG,Chevrolet,Tracker,2009,Amarillo,0,Manta
VEH-0178,ASE-0224,CBP-0265,68SUJF80D9A7LNK0Y,8ZY7XT3LHW,Chevrolet,Captiva,2024,Negro,1,Tulcán
VEH-0179,ASE-0112,PHZ-5460,HDCC171DN58WACU49,LNZ3UWHPUS,Chevrolet,Tracker,2009,Rojo,2,Quito
VEH-0180,ASE-0154,GTW-6772,TZK4VXHK8B3F047H1,7251K37FAN,Kia,Rio,2018,Beige,0,Guayaquil
VEH-0181,ASE-0101,ALF-3440,L35B7LYWRS6G3GYM5,D25N9ZFBMS,Nissan,X-Trail,2006,Negro,0,Cuenca
VEH-0182,ASE-0126,PKS-3190,WF129ZCS4NXRADEY6,HW9SZDWN90,Kia,Cerato,2014,Naranja,0,Quito
VEH-0183,ASE-0143,GWC-0785,2UC4U4Y1GYD5ZARLB,VYCJ1CEK8F,Toyota,Hilux,2005,Plateado,2,Guayaquil
VEH-0184,ASE-0081,GPN-3136,9MUGD4HGK48WHMEXC,JN6PCJRZUC,Chevrolet,Spark,2013,Plateado,1,Guayaquil
VEH-0185,ASE-0098,GUW-7963,WCEDVCYMMK5HAN8ND,7F1L4TU05V,Ford,EcoSport,2024,Negro,0,Guayaquil
VEH-0186,ASE-0153,TPE-6218,PWJZ0YEVJ7YN2ZPSR,MSK8U07HXC,Toyota,Corolla,2014,Verde,3,Ambato
VEH-0187,ASE-0074,AJU-5889,T58PT1ST960PX7100,1J1846UXX8,Hyundai,Accent,2021,Plateado,1,Cuenca
VEH-0188,ASE-0029,PVR-6098,Z455KSJAXN778U676,4BASKDM0PA,Chevrolet,Sail,2018,Beige,0,Quito
VEH-0189,ASE-0058,AGE-7330,NN6UJ9YRE1A60DKEP,LBY889DTTZ,Mazda,CX-5,2009,Azul,1,Cuenca
VEH-0190,ASE-0028,AXP-4160,EMAZB4RWASKCRX1GK,DJ0YRS2D1X,Chevrolet,Cruze,2011,Naranja,2,Cuenca
VEH-0191,ASE-0158,MUE-4337,5NU09HRCRBDM80J6F,AYLKKXRJTM,Chevrolet,Tracker,2008,Negro,0,Portoviejo
VEH-0192,ASE-0136,MUP-0016,HKWCDXWB863GRD8XK,S2UFEP0624,Chevrolet,Tracker,2022,Azul,1,Manta
VEH-0193,ASE-0006,PSG-6442,K8K8C9G3TUTCRTVNX,GAVWA7TT0J,Nissan,X-Trail,2012,Rojo,0,Quito
VEH-0194,ASE-0072,GUC-4264,J3YJ4UAMWNC0V0PXL,B34H8F9U92,Hyundai,Creta,2023,Negro,3,Guayaquil
VEH-0195,ASE-0057,OSB-3503,GX5PR1RESTS3FV8FK,L63ZGERSYP,Chevrolet,Tracker,2021,Gris,0,Machala
VEH-0196,ASE-0064,MED-2307,J7W3A3U45CE263LSJ,UJUABUD6PA,Mazda,BT-50,2012,Blanco,2,Manta
VEH-0197,ASE-0211,MEJ-7588,T9H8KCMM7CBERMFR6,ZXK5JTNJ63,Nissan,Sentra,2005,Gris,3,Manta
VEH-0198,ASE-0110,ABW-0098,KC9GNLPZP3M3YJPTU,U4NWPWZ10H,Hyundai,Creta,2005,Plateado,3,Cuenca
VEH-0199,ASE-0222,GPP-7410,ES4V7PGH1DZE1ZRBD,WSWFEEJA4P,Chevrolet,Cruze,2010,Beige,2,Guayaquil
VEH-0200,ASE-0004,PHV-6890,F6B1TA4Z5V47T0PF9,U9EGXHG1V4,Chevrolet,Tracker,2019,Beige,0,Quito
VEH-0201,ASE-0027,OWF-5533,W4AKUCW1LVYBJ9VV3,BL8AMKPG10,Chevrolet,Spark,2009,Negro,0,Machala
VEH-0202,ASE-0151,PHH-1515,BFZCX8HHZE09T9XU2,REKX8B0ZH9,Chevrolet,Spark,2024,Negro,2,Quito
VEH-0203,ASE-0205,HXJ-7882,CDL7FKMCF2JSJ5YEE,VB5P57EN48,Toyota,Hilux,2016,Negro,2,Riobamba
VEH-0204,ASE-0063,PDE-6761,VFDNV5H5ZMSU4DFD8,PRPCMWH1DS,Nissan,Kicks,2022,Gris,1,Quito
VEH-0205,ASE-0203,GUM-7749,SB58ZJXCCPK05UZJ4,D6M1FMPSZF,Chevrolet,D-MAX,2018,Azul,0,Guayaquil
VEH-0206,ASE-0038,TNR-6861,9711LESE5D9PUAR4E,R8DH9PVFNM,Kia,Stonic,2011,Naranja,0,Ambato
VEH-0207,ASE-0117,GBL-3205,M4R9M7SNVFRKYZX07,6DC4CA7D1X,Hyundai,Tucson,2022,Negro,0,Guayaquil
VEH-0208,ASE-0098,GHL-0808,58M3S6Y2P82TJYL67,ZA6BA34U1L,Kia,Stonic,2010,Naranja,0,Guayaquil
VEH-0209,ASE-0033,PWR-5457,N1PLFH0EDWN274FLD,AA2FXU9VA1,Chevrolet,D-MAX,2019,Azul,3,Quito
VEH-0210,ASE-0198,GXL-8634,BCEA95D7EEJFC47GD,3PTXGP6XRF,Mazda,CX-5,2014,Blanco,0,Guayaquil
VEH-0211,ASE-0154,GDB-1837,F17GAATF5DHLH18JS,8MVK1TTPGF,Ford,Explorer,2013,Verde,1,Guayaquil
VEH-0212,ASE-0109,GMD-2445,JLDNGM64R68JPW58U,PD3RGJHNEL,Ford,Ranger,2005,Azul,1,Guayaquil
VEH-0213,ASE-0155,MDJ-2435,HV083ZVYZR3GBTBKD,RWWHAA2WAS,Toyota,Land Cruiser,2009,Verde,0,Manta
VEH-0214,ASE-0186,PVR-0062,LMC2TBK9TY747DH4E,950HC033UA,Chevrolet,Aveo,2006,Rojo,0,Quito
VEH-0215,ASE-0044,TTS-9835,WDLEW56YZUHSTK2SD,20M4HY5ZCT,Hyundai,Tucson,2011,Blanco,3,Ambato
VEH-0216,ASE-0220,TDJ-9635,80Y4DE7NRXGPCPZ8W,DSDDASJSUM,Chevrolet,Tracker,2008,Amarillo,0,Ambato
VEH-0217,ASE-0013,GYH-3786,1PKPWUTRZY8HBBJCD,HX0ND16JG2,Suzuki,Grand Vitara,2016,Rojo,1,Guayaquil
VEH-0218,ASE-0233,EWT-6564,FZFLS8YRA96F2AMSA,5SBAZKHT12,Chevrolet,Tracker,2008,Rojo,1,Esmeraldas
VEH-0219,ASE-0004,PJJ-1294,KMUY54SJUYEPH9MBW,ZRGC7NDKXU,Chevrolet,Cruze,2019,Amarillo,2,Quito
VEH-0220,ASE-0011,AFD-0817,04E3V3MDA7EZUKVFT,CKRH4ETAM4,Chevrolet,Sail,2006,Rojo,1,Cuenca
VEH-0221,ASE-0070,GWX-0371,1R7KB7JZNP667WFR5,3E2JPGLK7S,Chevrolet,Sail,2010,Verde,0,Guayaquil
VEH-0222,ASE-0120,AJD-8781,PAV8P1XKJTEUVK1NP,A35SBB4YMD,Hyundai,Santa Fe,2014,Naranja,0,Cuenca
VEH-0223,ASE-0133,ILK-6242,1THZ5KL9ATZDAWDDG,S4RBEP944V,Chevrolet,D-MAX,2024,Beige,0,Ibarra
VEH-0224,ASE-0131,AUL-5384,VSKZ8TZN0DPRASVAK,Y6XB68S0K9,Chevrolet,Cruze,2016,Amarillo,1,Cuenca
VEH-0225,ASE-0145,PWJ-9942,02K2KN7YNSYW72UEL,8MXPB5FDD7,Ford,Territory,2020,Azul,0,Quito
VEH-0226,ASE-0194,PJN-9881,7CJB1RNXAFDREYVGT,ZH1RU3CA8D,Hyundai,i10,2006,Gris,4,Quito
VEH-0227,ASE-0165,GFR-8518,GG4TM653RX5VEUDTB,UA4K4NM5FK,Chevrolet,Aveo,2022,Naranja,1,Guayaquil
VEH-0228,ASE-0121,JWG-7291,9YBPG6BG3L17CT3VX,43MCP176SE,Toyota,Hilux,2006,Negro,3,Santo Domingo
VEH-0229,ASE-0239,PLY-2430,23U5Z1VB2ZRRER69N,GRBHWH163V,Kia,Sportage,2005,Plateado,0,Quito
VEH-0230,ASE-0075,PBM-2930,PYYC7G0365RKNV5J6,LUDMP8TC74,Chevrolet,Cruze,2021,Plateado,0,Quito
VEH-0231,ASE-0167,PYW-6712,8A4JWK8B5NANRHNYU,YB2771M4J1,Chevrolet,Spark,2011,Blanco,2,Quito
VEH-0232,ASE-0142,GWT-1740,0Z57SVVUFN17EA38C,JUMPXMY23X,Chevrolet,Spark,2008,Rojo,0,Guayaquil
VEH-0233,ASE-0092,OBF-8575,4HB7KXLCF2K5EXEXB,DBZ5WB0C0J,Chevrolet,Captiva,2013,Blanco,1,Machala
VEH-0234,ASE-0053,HCG-3047,N4PY5EL3MPYS9XFB7,7AX3T2TWMH,Mazda,Mazda3,2023,Blanco,0,Riobamba
VEH-0235,ASE-0129,OLC-9505,X1UE53XYULGV7L39H,L9ZR8PCVCM,Kia,Stonic,2020,Naranja,4,Machala
VEH-0236,ASE-0105,PFD-4624,YW3MDPTET6GFRFP20,SD54AFCTUN,Hyundai,i10,2018,Azul,1,Quito
VEH-0237,ASE-0158,MSB-9055,0C787X1R2010W4TFA,WZRLF0K2HT,Mazda,CX-5,2006,Naranja,0,Portoviejo
VEH-0238,ASE-0037,PZN-3469,861RK6LMFKTHF7JXD,HKDVTFWB6U,Chevrolet,Captiva,2011,Blanco,0,Quito
VEH-0239,ASE-0213,PFA-7376,707D6TCEKZ831HCFM,R1ZCZ6BD0U,Kia,Sorento,2011,Amarillo,1,Quito
VEH-0240,ASE-0057,OUT-3058,JE31KG5851ACVGFPJ,NWYSYFKHKT,Kia,Stonic,2017,Naranja,1,Machala
VEH-0241,ASE-0115,HEU-4668,YDSLDZ02S3TPHKT62,C2JLNRP7J1,Toyota,RAV4,2015,Blanco,0,Riobamba
VEH-0242,ASE-0157,PBU-4201,WA03C072VYUMGFU5H,37LH18BA8D,Chevrolet,Spark,2017,Beige,0,Quito
VEH-0243,ASE-0201,PAY-5952,P455CT01A1U7DWN45,2R1KSD8WNR,Mazda,BT-50,2012,Verde,0,Quito
VEH-0244,ASE-0244,PUE-3783,VDH9PHNVYL39DF5TJ,EXS0VH2JLM,Hyundai,Elantra,2009,Blanco,0,Quito
VEH-0245,ASE-0128,PCJ-8783,YL0T59CD0N1F1FR9B,PF3T1VPKRK,Chevrolet,Spark,2013,Amarillo,0,Quito
VEH-0246,ASE-0183,JZM-4958,WSGL197F0SLFS9A0G,DSDXWCX6MA,Nissan,X-Trail,2011,Rojo,0,Santo Domingo
VEH-0247,ASE-0139,MTB-6853,GWDHFVEUYNV5W81X7,GAHH7XESAC,Chevrolet,Spark,2006,Gris,1,Manta
VEH-0248,ASE-0199,IBS-3646,SLUU6488404VT3ZVR,MANSZ1HV98,Toyota,Yaris,2017,Azul,0,Ibarra
VEH-0249,ASE-0234,PJA-8392,J7XBKSBZJX94579XT,S513BA6F15,Volkswagen,Polo,2009,Negro,0,Quito
VEH-0250,ASE-0219,PZY-0638,XA44L06W8U8P4ZC4T,1CRKGTF14A,Renault,Logan,2013,Amarillo,0,Quito
VEH-0251,ASE-0047,LSY-1670,GW823HNC0J4Y6G1EB,0FELHG6FK0,Chevrolet,Spark,2013,Negro,1,Loja
VEH-0252,ASE-0244,PBU-3356,NUG0M33G0T43C2JSB,DYGEWNNWB0,Ford,F-150,2016,Blanco,2,Quito
VEH-0253,ASE-0048,LSY-3755,RXWZ1SJ0WSPB7H77D,RJWWFFKW0U,Nissan,Sentra,2023,Gris,2,Loja
VEH-0254,ASE-0102,PKR-2174,AE6KCHGCJZ4NSMSZ0,7Z402DE2E2,Hyundai,i10,2014,Verde,0,Quito
VEH-0255,ASE-0197,GJN-2249,MTAWPCHTBKDNFELZS,J8FPUD3M1Y,Chevrolet,Captiva,2017,Blanco,0,Guayaquil
VEH-0256,ASE-0198,GGY-4184,R1D36T2049DFP25CA,80JTX5RSB5,Chevrolet,Sail,2019,Azul,0,Guayaquil
VEH-0257,ASE-0046,PXL-0683,PRKBD1UPFUEET6MSX,7674VBLBX0,Renault,Duster,2008,Verde,0,Quito
VEH-0258,ASE-0066,GHB-5887,1C783V9XU3ZBVH7KZ,GTBPFKAG2Y,Mazda,Mazda2,2013,Rojo,1,Guayaquil
VEH-0259,ASE-0074,AYR-7512,XSPWUSVML4F5TUFNP,YVCT9C1UL1,Chevrolet,D-MAX,2019,Beige,1,Cuenca
VEH-0260,ASE-0073,PDV-0538,TH7EX5DH9VFF21PP1,PWLMD682LU,Volkswagen,Gol,2017,Plateado,1,Quito
VEH-0261,ASE-0137,INR-0397,2YZDWPPGAHXTCVPAX,FXZ8AW3NTG,Hyundai,Santa Fe,2010,Beige,2,Ibarra
VEH-0262,ASE-0008,PNU-8096,SJW939TDWL7FS8ABZ,595CPJ0D2Y,Volkswagen,Tiguan,2022,Blanco,0,Quito
VEH-0263,ASE-0184,ELS-3876,XR2D42W30NYEJSJLZ,S011MZLRJK,Renault,Logan,2006,Gris,3,Esmeraldas
VEH-0264,ASE-0146,PEZ-4901,SRK1ZEKNYAGKWJ019,PXFMF5LN5T,Ford,Explorer,2010,Amarillo,1,Quito
VEH-0265,ASE-0072,GDD-3739,1DGTVYA14261MBX8T,J84UC3RUJ3,Toyota,Fortuner,2010,Plateado,1,Guayaquil
VEH-0266,ASE-0213,PXW-2651,6EKGJ2SD6B3CSRSDW,WKAR60RYWX,Chevrolet,Sail,2019,Blanco,3,Quito
VEH-0267,ASE-0077,PGN-5191,UMZTXD1GA6TTF2ZD5,MZ4GDHLL2S,Chevrolet,Spark,2014,Naranja,0,Quito
VEH-0268,ASE-0041,IST-6858,USWP0HJ74NL04LLV2,A8BPYESK4G,Chevrolet,Sail,2013,Rojo,0,Ibarra
VEH-0269,ASE-0113,PAB-6567,DJLS0S9BYZ6TKXNDY,KN7DE1L2PF,Toyota,RAV4,2009,Naranja,2,Quito
VEH-0270,ASE-0210,AKR-4629,A2C20L56R6GSSLZ0J,1ADPPTBU7T,Chevrolet,Spark,2005,Naranja,0,Cuenca
VEH-0271,ASE-0018,EMV-6200,V92U34C7X912RKR61,YCYMUZ4RAV,Kia,Sorento,2005,Naranja,1,Esmeraldas
VEH-0272,ASE-0118,PLM-2637,G4760WGELDU8BEMC5,7YGF9H72A5,Toyota,Fortuner,2019,Negro,1,Quito
VEH-0273,ASE-0198,GTW-9135,3DF70E1DTW1LG93MJ,DSA3P5M84R,Ford,F-150,2014,Plateado,0,Guayaquil
VEH-0274,ASE-0083,PHL-2202,4FAUESBWG1KX4PFUE,3ZN72AGPN4,Chevrolet,Tracker,2024,Azul,0,Quito
VEH-0275,ASE-0097,HJR-2813,0FDMHPC8SP6R53AS6,JLU8ZDT4VE,Ford,Ranger,2021,Gris,2,Riobamba
VEH-0276,ASE-0048,LPH-7454,K0SWU9J6LNE1513X3,9AX4HPAS5G,Ford,Explorer,2023,Verde,1,Loja
VEH-0277,ASE-0087,GHA-9592,6J3TVYZMUCNY8EHSD,VK5LR9C5TP,Volkswagen,T-Cross,2021,Plateado,0,Guayaquil
VEH-0278,ASE-0221,PJB-4864,BUUZ9FFZX5H70U8PG,B8PNUPSL0K,Suzuki,Swift,2007,Rojo,1,Quito
VEH-0279,ASE-0124,GNW-4877,238J2YNG4C8K6E18F,RZ2ADLDXSY,Mazda,Mazda2,2014,Negro,2,Guayaquil
VEH-0280,ASE-0011,AJK-5150,6DSW5Z32HD9WWM5Y4,8PY5K0KJTP,Toyota,Yaris,2013,Azul,0,Cuenca
VEH-0281,ASE-0200,LMU-2961,TXVX5ZBD4YDD8HW0W,30BYRS5BP3,Ford,Ranger,2018,Blanco,2,Loja
VEH-0282,ASE-0218,PZK-7397,MZM8K2L0X2FV5Y112,FTCMU38LL7,Mazda,CX-5,2007,Verde,3,Quito
VEH-0283,ASE-0113,PEM-5013,18LDW60V1UPZGCW5P,J0UP7D836K,Toyota,RAV4,2023,Negro,3,Quito
VEH-0284,ASE-0214,GLL-6536,H5R3EK85SRV9GGUPV,6NJ3N3RN7H,Chevrolet,Spark,2022,Azul,1,Guayaquil
VEH-0285,ASE-0235,PDZ-7238,TSL3W00YV9SVBXTR8,FVVBM5EZC0,Toyota,Corolla,2023,Rojo,2,Quito
VEH-0286,ASE-0080,PNT-2836,ZLV58EUZLAX0MD9XU,11JW2FFYTD,Chevrolet,Tracker,2007,Negro,1,Quito
VEH-0287,ASE-0025,GZP-7760,FRJCJGMYCRDJ6CVZD,A9ALL3VNCF,Chevrolet,D-MAX,2024,Beige,0,Guayaquil
VEH-0288,ASE-0113,PLZ-7757,6FE4BBU883LKMFU6T,W9777VNRDV,Suzuki,Swift,2015,Plateado,1,Quito
VEH-0289,ASE-0123,PPD-6681,704DUYLUVUPVGLRG8,RRCADVXL92,Toyota,RAV4,2006,Amarillo,2,Quito
VEH-0290,ASE-0190,MSA-9103,A8NMU4ZRT5TZBHSGH,L0TVXBN6DK,Chevrolet,Cruze,2012,Azul,0,Manta
VEH-0291,ASE-0172,PDS-4798,7Z06L8Y7PA4N4G2JA,ZB2EZCDF3C,Nissan,Sentra,2022,Azul,0,Quito
VEH-0292,ASE-0146,PTB-1236,2P6GC4GUBSDBNCZCR,N1R2YT920B,Toyota,Hilux,2005,Gris,0,Quito
VEH-0293,ASE-0243,ANH-1933,CGGYR5CJUVE8BZPUX,F7NEDHNV32,Renault,Stepway,2008,Plateado,0,Cuenca
VEH-0294,ASE-0176,GUT-6661,R1ZXM9S7FUMEYF896,NA3ES0UHP4,Hyundai,Creta,2016,Plateado,1,Guayaquil
VEH-0295,ASE-0103,AFN-2922,UJ0V812MS53NLNSUR,685PGM6Y7R,Suzuki,Baleno,2019,Blanco,0,Cuenca
VEH-0296,ASE-0201,PET-3397,ELJ12TX2UXBDCA75L,C7M18LCXL6,Renault,Sandero,2019,Beige,2,Quito
VEH-0297,ASE-0137,IGC-6398,PVX0K4JD87DB6SS2W,9MRVRATZMM,Hyundai,Accent,2007,Azul,3,Ibarra
VEH-0298,ASE-0051,PYV-2273,L08CW3A6PF5GKU7T6,BHLRRB12SC,Chevrolet,Aveo,2022,Blanco,4,Quito
VEH-0299,ASE-0100,HLF-4259,ZZM352PM80VTJ77CY,LTD33DCNF3,Chevrolet,Sail,2007,Negro,0,Riobamba
VEH-0300,ASE-0249,ATD-6526,52DE0G1CD8A3HBCLU,SG9WGKZ5CG,Nissan,Frontier,2005,Negro,1,Cuenca
VEH-0301,ASE-0049,GNR-0471,L9FXWWTKR41UY8J1C,CM1X3C20A1,Chevrolet,Sail,2007,Azul,0,Guayaquil
VEH-0302,ASE-0082,AUA-5949,1ST2L9GWBMSS749S6,RE1PAEL9XP,Ford,Territory,2005,Verde,1,Cuenca
VEH-0303,ASE-0128,PXL-1936,L8VHT0R8F8B8CLSKH,83PALFXZRE,Suzuki,Swift,2009,Amarillo,0,Quito
VEH-0304,ASE-0095,GXC-5579,GLH5L792VWLGELX9H,WH4TSATD1X,Toyota,RAV4,2007,Amarillo,0,Guayaquil
VEH-0305,ASE-0198,GYE-8199,E4BJXL4SEKL9WU4Y8,WD11G3K3P4,Hyundai,Santa Fe,2005,Rojo,0,Guayaquil
VEH-0306,ASE-0038,TKM-9998,NFRL7SGXKWLABLSE4,NARLFX2YL1,Nissan,X-Trail,2006,Amarillo,0,Ambato
VEH-0307,ASE-0183,JAP-1929,19MP1TUUYPF43RD7J,HYVB4HBHHF,Chevrolet,Aveo,2009,Amarillo,0,Santo Domingo
VEH-0308,ASE-0179,PNM-9841,CGBHTMC6T4PFAXXJN,N41JG6NYRR,Kia,Picanto,2021,Verde,0,Quito
VEH-0309,ASE-0192,ACD-4217,ZHWLSYH64HAA45G8N,L9WFTVK95J,Chevrolet,Sail,2024,Negro,0,Cuenca
VEH-0310,ASE-0146,PVP-7188,DNY91NKYKBDES797D,Y8367FD0S6,Chevrolet,Aveo,2022,Rojo,4,Quito
VEH-0311,ASE-0010,GWM-0611,4P9WBC2KKS3AJ5HRA,Y54R8TH4BN,Ford,EcoSport,2024,Azul,1,Guayaquil
VEH-0312,ASE-0164,GHF-2279,FPSMK31TUMRW6LMS1,5FBT5XWU4F,Ford,F-150,2023,Gris,0,Guayaquil
VEH-0313,ASE-0148,PGT-0660,7YFH0MD13VPYNW1Z9,HYFZ10683T,Hyundai,i10,2007,Rojo,0,Quito
VEH-0314,ASE-0076,HCH-4587,G2CJ8PMP0KNGRWSXB,TBLB05NUDZ,Chevrolet,Sail,2024,Azul,0,Riobamba
VEH-0315,ASE-0022,PHC-9262,4XDNMWSLV0RXDZWZA,TCFKV3U0JD,Toyota,Land Cruiser,2021,Beige,0,Quito
VEH-0316,ASE-0215,GDD-7645,SJN1YFNKH5WT038DF,E9WAT3R06N,Mazda,CX-5,2022,Negro,0,Guayaquil
VEH-0317,ASE-0092,OLN-6227,TJ7EACGGYVVS9YWDB,GK1NNTAUJU,Chevrolet,D-MAX,2014,Gris,1,Machala
VEH-0318,ASE-0100,HXB-4705,X5CZ5E2S9CFXPX74P,1BLPG0NR4H,Hyundai,Accent,2009,Beige,1,Riobamba
VEH-0319,ASE-0128,PBN-5513,RBCC6EYNNS37LULL8,TN5ZZ7WYVS,Ford,Territory,2007,Beige,2,Quito
VEH-0320,ASE-0059,MMC-2505,66VML4UPJPY26E2KZ,MUL3WF05YG,Kia,Picanto,2015,Gris,0,Manta
VEH-0321,ASE-0019,GVL-5404,839AG77S9WKVGBR9W,SNDFM3B4KV,Nissan,Kicks,2013,Gris,0,Guayaquil
VEH-0322,ASE-0160,PVT-3875,KHHW17MHAW2F8NUAF,VX93EJPHX6,Hyundai,Tucson,2012,Rojo,1,Quito
VEH-0323,ASE-0217,ABH-0990,0R1NXNUJ6T3ULTX4X,N0W0N3GLPJ,Chevrolet,Aveo,2014,Plateado,0,Cuenca
VEH-0324,ASE-0205,HYA-4779,VMARRPRMJ7JFHWUUG,BNBH0FXVJU,Nissan,Kicks,2013,Beige,0,Riobamba
VEH-0325,ASE-0060,HRK-9389,XV2551KSPFA8WC2J2,U2VNFUG2LF,Ford,Explorer,2013,Amarillo,2,Riobamba
VEH-0326,ASE-0156,GJS-6563,VKJFDJY1CNAS3ZPUP,U88MW011UP,Mazda,BT-50,2021,Beige,2,Guayaquil
VEH-0327,ASE-0097,HEN-5720,AT1H21RW2E3PE66JP,0NGE8JEYDN,Hyundai,i10,2016,Beige,0,Riobamba
VEH-0328,ASE-0223,MAG-6558,CLLTAD1VBTXNRMXML,N3W62RTYV1,Hyundai,Santa Fe,2021,Negro,2,Manta
VEH-0329,ASE-0235,PFH-2971,XKHBAEPG36RV9G9FB,02H7FZDZ3M,Chevrolet,Sail,2016,Beige,0,Quito
VEH-0330,ASE-0175,GVK-7802,WZ32J3RJ8K99BW3J4,V4H8SFDUM1,Ford,EcoSport,2018,Naranja,2,Guayaquil
VEH-0331,ASE-0015,ACA-5707,3FSB7DH6T8WP5KXFF,LNCC3AUTD9,Nissan,X-Trail,2009,Blanco,0,Cuenca
VEH-0332,ASE-0171,GKF-2805,B6LBW9X4GFN9DWXU4,KCXJY0DXZB,Toyota,Corolla,2015,Gris,1,Guayaquil
VEH-0333,ASE-0239,PGV-7356,9LLHEFCWDDREC2ZW0,REY8VW7GSB,Chevrolet,Tracker,2010,Verde,0,Quito
VEH-0334,ASE-0248,GHG-1623,0LEL8PL7V0A28PT9E,6HW860P2X0,Nissan,Sentra,2024,Azul,0,Guayaquil
VEH-0335,ASE-0189,MBY-8964,KNUW7G21B8WK9SKAW,8C4PS6V74H,Chevrolet,Spark,2013,Rojo,1,Portoviejo
VEH-0336,ASE-0057,OMZ-9673,RPR83K3VPT83YLWB9,HYKDH9VLUG,Hyundai,Creta,2018,Negro,3,Machala
VEH-0337,ASE-0172,PKD-3748,FR1M2K9ZYCFE78C22,JF2MT4UTSX,Hyundai,Accent,2007,Azul,0,Quito
VEH-0338,ASE-0249,AGT-8959,CCEF3US7XA53R32PF,XSW091472V,Hyundai,Tucson,2019,Verde,2,Cuenca
VEH-0339,ASE-0240,END-2269,M1ALSEDU2WSVV2D32,YJURBD7Y9Z,Nissan,X-Trail,2017,Gris,0,Esmeraldas
VEH-0340,ASE-0006,PWC-7126,KGDEUWDD92LEWWCBL,217C075V6Y,Mazda,Mazda3,2008,Verde,0,Quito
VEH-0341,ASE-0242,GPX-1775,DSSMUJWV3CFYV5XAH,0F85T9AUK3,Renault,Duster,2011,Beige,1,Guayaquil
VEH-0342,ASE-0250,XMW-3909,7KJ5EPYT9PGJEGYDZ,EB911ZEH8V,Hyundai,Elantra,2011,Negro,1,Latacunga
VEH-0343,ASE-0095,GZC-9426,PYZRGXGM55YT8RJRF,241UGDKKF2,Chevrolet,Cruze,2020,Amarillo,0,Guayaquil
VEH-0344,ASE-0100,HEY-5735,SRE2YN9VYEJNJD5UL,PC8D6JJ875,Hyundai,Tucson,2023,Amarillo,0,Riobamba
VEH-0345,ASE-0146,PJG-5409,SG10RZJGP4WVDSGJB,MSHMH8ACVE,Toyota,Hilux,2018,Blanco,0,Quito
VEH-0346,ASE-0057,OLW-9345,HDJ7P9Y66D7XDJW17,HSKF117T93,Chevrolet,Sail,2015,Negro,1,Machala
VEH-0347,ASE-0143,GFD-2954,ADXAKFF11GGESYHED,7GX6KZFC6S,Toyota,Corolla,2005,Gris,1,Guayaquil
VEH-0348,ASE-0107,ADH-3846,H3JUVZ876796F9UV8,RX3KJH12AP,Chevrolet,Spark,2017,Amarillo,0,Cuenca
VEH-0349,ASE-0244,PSF-8964,VPY03BF53HB5UCUCU,DJV4BT4E30,Renault,Logan,2007,Amarillo,2,Quito
VEH-0350,ASE-0071,EDV-1749,MBAAYA3BL13WCG8D2,UN21W09LZ3,Mazda,CX-5,2021,Rojo,4,Esmeraldas
VEH-0351,ASE-0234,PNR-0089,E4KXBNBRAWAJJMMMU,UPVHEJHLYN,Mazda,Mazda3,2010,Naranja,2,Quito
VEH-0352,ASE-0158,MSU-4827,X2AXX77GCJBEN4EVU,AXJ5F8T7UN,Chevrolet,D-MAX,2011,Amarillo,1,Portoviejo
VEH-0353,ASE-0044,TAM-3666,YZLKA61E04RD8JSBN,8XF8NK5G30,Kia,Stonic,2016,Azul,1,Ambato
VEH-0354,ASE-0106,GMM-0505,5T8U7AHDH0U4K0EX0,ZMKY9KGH94,Hyundai,Elantra,2011,Amarillo,2,Guayaquil
VEH-0355,ASE-0183,JGZ-0868,U02UXGWXGHPLH6508,7XT2LNSTPV,Chevrolet,Spark,2021,Blanco,1,Santo Domingo
VEH-0356,ASE-0141,HXC-0115,W7JNS0JK9D0PAXHN3,EBLCEU2KUH,Toyota,Corolla,2017,Amarillo,0,Riobamba
VEH-0357,ASE-0056,PVG-3345,TCRMPD7Z5KUP14X2M,TPR3BZDE2A,Chevrolet,D-MAX,2006,Plateado,1,Quito
VEH-0358,ASE-0040,GZF-6868,C8H82JMBRVRDXT2YE,GUJ1BH6AUR,Hyundai,Tucson,2011,Azul,1,Guayaquil
VEH-0359,ASE-0166,GUC-3500,0BZRZWBNV03KFA99W,F10XX2VN2K,Chevrolet,Spark,2022,Naranja,0,Guayaquil
VEH-0360,ASE-0201,PDM-4758,N8JLDATLX9GFGG24K,E8PV7P09SP,Hyundai,Elantra,2008,Beige,0,Quito
VEH-0361,ASE-0134,TCN-0288,LY6Y6UYVA4KAMPY96,VRA32P2UEY,Renault,Logan,2007,Amarillo,1,Ambato
VEH-0362,ASE-0026,ELB-0985,ZEGUV91JGJUH3LTXB,A8SHA5RN6C,Toyota,Fortuner,2006,Negro,1,Esmeraldas
VEH-0363,ASE-0013,GAY-3957,NBYCXC1BPFXGWRPE1,HKATRKF0RE,Toyota,Fortuner,2017,Verde,3,Guayaquil
VEH-0364,ASE-0122,OTK-0128,79V7C2A7ZJ9GRCE7M,7G7PS7SG96,Toyota,Land Cruiser,2008,Negro,3,Machala
VEH-0365,ASE-0120,AJX-3719,VMEHCZKJB85LEPT9D,K9HGJDSDES,Suzuki,S-Presso,2020,Amarillo,1,Cuenca
VEH-0366,ASE-0212,PTM-9048,XJ7PVM42ZR25H4JDU,U9PMVR1T0U,Ford,Explorer,2018,Verde,0,Quito
VEH-0367,ASE-0133,IHU-9370,E3NAUC4FXLF9ZYAM9,7ZPECY7CVL,Chevrolet,Tracker,2017,Beige,2,Ibarra
VEH-0368,ASE-0201,PGZ-4394,AF6BLBW1YU9WZTKE6,M1TXYKRVS3,Hyundai,Elantra,2006,Beige,1,Quito
VEH-0369,ASE-0169,ISS-0677,7RNCX0YSXTU5VRT44,EUG9BYLUPG,Ford,Ranger,2012,Azul,0,Ibarra
VEH-0370,ASE-0085,PBD-7673,VBEKU2MNJ7NWGM3KY,XEUWJN55G8,Renault,Duster,2023,Negro,1,Quito
VEH-0371,ASE-0239,PCA-3321,7MFVPW5HU2NH9TVNN,8TJN5LX12K,Ford,EcoSport,2013,Plateado,1,Quito
VEH-0372,ASE-0029,PEL-5403,WFG4MH3CNPCKD4GHF,XHP18D3RLA,Nissan,Frontier,2024,Rojo,3,Quito
VEH-0373,ASE-0117,GCP-3323,U9ZUVW42AMHTV2P67,V72P85WP1U,Mazda,CX-5,2013,Rojo,0,Guayaquil
VEH-0374,ASE-0087,GBX-9951,PN524KTLXDCZ9A7AB,FLYW5CHY49,Chevrolet,Cruze,2008,Azul,1,Guayaquil
VEH-0375,ASE-0047,LJD-3404,KKUXNX0E8Z7P630KP,1E4907K8CH,Volkswagen,Tiguan,2010,Amarillo,1,Loja
VEH-0376,ASE-0079,AKM-0226,B16UPTGVMU2P0YFFM,SJ9VJEFVBE,Nissan,Frontier,2007,Amarillo,1,Cuenca
VEH-0377,ASE-0141,HPE-1393,08YFSHR0HVWG4AFF8,7HPFDRL5CL,Chevrolet,Cruze,2022,Amarillo,2,Riobamba
VEH-0378,ASE-0053,HRV-3388,8JE0S1TFNJAL5W8T0,D6W4WAVRFL,Hyundai,i10,2024,Beige,0,Riobamba
VEH-0379,ASE-0143,GZD-3923,UEAZ9EN10BGBB2T3Z,ST5RZZ05ZM,Chevrolet,Cruze,2012,Amarillo,3,Guayaquil
VEH-0380,ASE-0078,CZZ-2645,NCV3LSM585V7D2YF7,81YDGK5TB4,Chevrolet,D-MAX,2005,Naranja,0,Tulcán
VEH-0381,ASE-0163,JFJ-8315,FGDZ0SSYBW1CDPEFD,0R0Y727GX1,Chevrolet,D-MAX,2006,Rojo,0,Santo Domingo
VEH-0382,ASE-0078,CPN-6594,D2KDK3ZXEMAY9EKE4,W0N804C1Y3,Toyota,Yaris,2011,Naranja,2,Tulcán
VEH-0383,ASE-0037,PTL-2687,PMLNL7GA862A97PMF,HTBWC08R5A,Chevrolet,Captiva,2012,Gris,0,Quito
VEH-0384,ASE-0225,GKM-6267,YH0KJEX6PT7YN6LCR,Z9NRFJSD4J,Toyota,Hilux,2018,Blanco,1,Guayaquil
VEH-0385,ASE-0189,MVB-9445,VDP2CFUUU3ZREB090,SGBRJSHCB5,Hyundai,Tucson,2016,Amarillo,2,Portoviejo
VEH-0386,ASE-0090,OYS-5738,UMRRJADAGZ5GP47RJ,RN4CWU40SB,Hyundai,Accent,2013,Verde,1,Machala
VEH-0387,ASE-0151,PNR-0763,S7B1JH2V4V00ZVLZ0,LFJXBWYWT7,Nissan,Kicks,2024,Amarillo,1,Quito
VEH-0388,ASE-0143,GRB-9637,D68ET8TVJ42RGZUWK,VDX3C4J648,Kia,Sorento,2009,Blanco,1,Guayaquil
VEH-0389,ASE-0041,IZK-0255,YXYJ56V9CN0XTT9W6,6CRA4TWKYB,Chevrolet,Sail,2007,Amarillo,1,Ibarra
VEH-0390,ASE-0132,PPP-4375,H99N7UCAUPLY4FGVK,P2Z7TT3JFZ,Chevrolet,D-MAX,2022,Amarillo,1,Quito
VEH-0391,ASE-0069,GMH-0149,M0J33PMB6YFK6ZVLN,D7W5YYFY67,Hyundai,i10,2014,Naranja,0,Guayaquil
VEH-0392,ASE-0017,PCY-1342,FMNF7WJXKVA882JPZ,HBR9PE9UWC,Kia,Sorento,2005,Naranja,0,Quito
VEH-0393,ASE-0170,GML-4633,W3950DH06M9BJVDL4,AF6KKEEDLB,Toyota,Corolla,2011,Rojo,2,Guayaquil
VEH-0394,ASE-0192,AVC-8661,U0WVVBU6AP4EJRP4D,HLGPNJPYX7,Chevrolet,Spark,2023,Verde,0,Cuenca
VEH-0395,ASE-0088,AZF-1159,93BEEWF429J76BDSP,1HW1VPPJ9Y,Chevrolet,Tracker,2008,Amarillo,1,Cuenca
VEH-0396,ASE-0078,CFK-1640,K9JB79ZK65XRPLRF4,7L5TRUAR82,Toyota,Yaris,2012,Plateado,2,Tulcán
VEH-0397,ASE-0201,PRE-5372,X2MKDXWM7A7R5DFF2,R8SYLELCAC,Kia,Cerato,2013,Negro,0,Quito
VEH-0398,ASE-0016,AUV-0181,6UDW9STVGCW6M767K,E035YREDFG,Nissan,Frontier,2013,Plateado,0,Cuenca
VEH-0399,ASE-0013,GHL-2856,M4F98FEZZHLJ39JB8,JYKS154CEG,Chevrolet,Tracker,2019,Rojo,1,Guayaquil
VEH-0400,ASE-0113,PPR-5386,PGYYZFFG4UZ46MAU3,C284J0GN99,Hyundai,Elantra,2015,Amarillo,3,Quito
